ID,Layer,Weight
4901362,Core,0
8340432,Citing_L2,17
9123316,Citing_L2,6
8933884,Citing_L2,4
8649554,Citing_L2,8
8811938,Citing_L2,7
8390680,Citing_L2,16
9278287,Citing_L2,1
8633890,Citing_L2,8
8063815,Citing_L2,56
8487938,Awakener,180
9098493,Citing_L2,8
9489053,Citing_L2,6
8498481,Citing_L2,18
8611607,Citing_L2,1
8843857,Awakener,84
8891067,Citing_L2,2
8655069,Citing_L2,21
8374423,Citing_L2,12
9171264,Citing_L2,5
9607213,Citing_L2,0
9298263,Citing_L2,64
9720089,Citing_L2,3
9953213,Citing_L2,0
9641825,Citing_L2,1
10049458,Citing_L2,0
8970487,Citing_L2,5
6275773,Awakener,332
8983233,Citing_L2,10
9628844,Citing_L2,11
8610665,Citing_L2,14
9824480,Citing_L2,3
8542910,Citing_L2,28
8928579,Citing_L2,3
9569005,Citing_L2,13
8542252,Citing_L2,62
8526734,Citing_L2,4
8856691,Awakener,189
8448094,Citing_L2,5
10642934,Awakener,74
6229918,Citing_L2,19
9210401,Citing_L2,3
8867820,Citing_L2,20
8667519,Citing_L2,19
8788973,Citing_L2,32
8888331,Citing_L2,6
8284847,Citing_L2,56
8588517,Citing_L2,13
9100685,Citing_L2,24
8558873,Citing_L2,40
10534438,Citing_L2,3
8988432,Citing_L2,5
9659377,Citing_L2,2
8864581,Citing_L2,7
10412280,Citing_L2,1
9147253,Citing_L2,12
8988437,Citing_L2,4
8509545,Citing_L2,4
8625837,Citing_L2,1
8929612,Citing_L2,15
9400548,Citing_L2,8
9824260,Citing_L2,2
8781156,Citing_L2,1
9015638,Citing_L2,15
11215711,Citing_L2,3
9182814,Citing_L2,6
8523667,Citing_L2,38
10671841,Citing_L2,0
9195305,Citing_L2,15
8385557,Awakener,265
9208571,Citing_L2,6
8619122,Citing_L2,2
10331222,Citing_L2,2
10462452,Citing_L2,3
9529566,Citing_L2,0
8959541,Citing_L2,11
9470778,Citing_L2,0
8503494,Citing_L2,1
10398972,Citing_L2,2
8724906,Citing_L2,22
9910509,Citing_L2,29
10878009,Citing_L2,0
9098110,Citing_L2,1
9262673,Citing_L2,8
9092657,Citing_L2,4
9522328,Citing_L2,0
5825922,Citing_L2,41
9313376,Citing_L2,13
8882310,Citing_L2,2
7006694,Citing_L2,15
8456419,Citing_L2,26
11818458,Citing_L2,0
8401225,Citing_L2,58
8660303,Citing_L2,17
8762894,Citing_L2,0
9031103,Citing_L2,2
8751215,Citing_L2,23
9384329,Citing_L2,1
8630457,Citing_L2,1
9594430,Citing_L2,0
9054764,Citing_L2,7
8503766,Citing_L2,2
8782567,Citing_L2,5
5604822,Citing_L2,31
9372544,Citing_L2,6
9008355,Citing_L2,3
10631066,Citing_L2,3
9298287,Citing_L2,5
8891827,Citing_L2,1
8487871,Citing_L2,34
8634636,Citing_L2,0
9259643,Citing_L2,4
9383823,Citing_L2,46
9191570,Citing_L2,0
8401242,Citing_L2,41
10205931,Citing_L2,0
8592739,Citing_L2,2
6553130,Awakener,600
8942917,Citing_L2,41
10024968,Citing_L2,11
9001118,Citing_L2,60
9582717,Citing_L2,50
9274747,Citing_L2,16
9063001,Citing_L2,1
9141193,Citing_L2,8
8988508,Citing_L2,9
9264807,Citing_L2,2
9117281,Citing_L2,6
8553939,Citing_L2,16
8884968,Citing_L2,1
10325628,Citing_L2,0
8854426,Citing_L2,24
8213680,Citing_L2,33
8264536,Citing_L2,38
9137463,Citing_L2,21
11710309,Citing_L2,4
10796494,Citing_L2,1
8681321,Citing_L2,7
8879831,Citing_L2,3
8379101,Citing_L2,62
8452087,Citing_L2,12
10257932,Citing_L2,0
8514269,Citing_L2,6
8786730,Citing_L2,2
9596643,Citing_L2,10
9696427,Citing_L2,32
9349040,Citing_L2,5
8675981,Citing_L2,0
9508385,Citing_L2,1
8749557,Citing_L2,21
10210382,Citing_L2,18
8861839,Citing_L2,1
8687044,Citing_L2,3
9679390,Citing_L2,1
8897495,Citing_L2,1
8279418,Citing_L2,20
9821226,Citing_L2,1
12002252,Citing_L2,0
8803800,Citing_L2,2
9539500,Citing_L2,9
8416187,Citing_L2,7
9291449,Citing_L2,0
9519989,Citing_L2,6
8744121,Citing_L2,41
8953844,Citing_L2,3
9857470,Citing_L2,5
10691216,Citing_L2,8
8693724,Citing_L2,45
8588465,Citing_L2,5
8760395,Citing_L2,33
8408706,Citing_L2,29
8824749,Citing_L2,27
5408541,Citing_L2,48
9652042,Citing_L2,11
8760571,Citing_L2,1
9019201,Citing_L2,9
8497838,Citing_L2,7
9535563,Citing_L2,51
7283645,Citing_L2,7
8294767,Citing_L2,4
9256282,Citing_L2,22
8620113,Citing_L2,12
9462253,Citing_L2,12
8325909,Citing_L2,68
10234545,Citing_L2,0
8869072,Citing_L2,1
9953426,Citing_L2,0
8253746,Citing_L2,57
9039528,Citing_L2,2
8483436,Citing_L2,15
8971612,Citing_L2,25
8330822,Citing_L2,9
8311341,Citing_L2,3
5311336,Citing_L2,27
8155312,Citing_L2,1
8908091,Citing_L2,1
9274606,Citing_L2,5
10726861,Citing_L2,3
5210799,Citing_L2,36
8577085,Citing_L2,2
9442186,Citing_L2,9
8605763,Citing_L2,12
9724600,Citing_L2,7
9468848,Citing_L2,5
8295546,Awakener,90
8618405,Citing_L2,10
8267781,Citing_L2,19
8724887,Citing_L2,1
9292083,Citing_L2,1
8418085,Awakener,87
8818002,Citing_L2,41
8428340,Citing_L2,5
9898675,Citing_L2,28
8451278,Citing_L2,8
9519828,Citing_L2,0
8351651,Awakener,95
9769459,Citing_L2,26
6118886,Citing_L2,41
5719774,Citing_L2,5
8775916,Citing_L2,51
8660310,Citing_L2,2
8027549,Citing_L2,9
9788032,Citing_L2,2
9069381,Citing_L2,5
7921120,Citing_L2,2
8508919,Citing_L2,0
8635637,Citing_L2,22
9842405,Citing_L2,0
9958952,Citing_L2,1
8385596,Citing_L2,17
9943755,Citing_L2,0
8968091,Citing_L2,1
8499257,Citing_L2,7
9311560,Citing_L2,2
9013489,Citing_L2,17
10798438,Citing_L2,3
5923781,Citing_L2,9
8578302,Citing_L2,4
8717469,Citing_L2,9
6487500,Awakener,503
8898687,Citing_L2,25
8896721,Citing_L2,2
8702507,Citing_L2,4
8953842,Citing_L2,5
9436879,Citing_L2,9
9443310,Citing_L2,28
9247238,Citing_L2,8
9007417,Citing_L2,0
8917240,Citing_L2,3
10089454,Citing_L2,1
8565477,Citing_L2,4
8296151,Citing_L2,31
9400559,Citing_L2,19
9242171,Citing_L2,15
9619561,Citing_L2,4
8707216,Citing_L2,23
8411948,Citing_L2,30
9821224,Citing_L2,25
8577084,Citing_L2,1
8587773,Citing_L2,20
8629976,Citing_L2,16
8422769,Citing_L2,19
9280203,Citing_L2,0
9787943,Citing_L2,0
8448056,Citing_L2,19
8926431,Citing_L2,1
9244533,Awakener,121
8866889,Citing_L2,16
10048763,Citing_L2,0
8994718,Citing_L2,30
8976986,Citing_L2,11
10296587,Citing_L2,6
8681255,Citing_L2,44
9465980,Citing_L2,3
8320619,Citing_L2,9
8659658,Awakener,122
9159151,Citing_L2,19
8723118,Citing_L2,19
8942428,Citing_L2,13
9524024,Citing_L2,0
8773355,Citing_L2,3
9215478,Citing_L2,1
9056254,Citing_L2,12
8676581,Citing_L2,15
9377857,Citing_L2,6
8565485,Citing_L2,29
6906639,Awakener,100
8509479,Citing_L2,1
8381108,Citing_L2,29
8897491,Citing_L2,33
9519970,Citing_L2,0
8787658,Citing_L2,3
9454244,Citing_L2,2
10551930,Citing_L2,6
8452051,Citing_L2,12
8824780,Citing_L2,0
9491226,Citing_L2,0
8265341,Citing_L2,11
8564534,Citing_L2,22
9656162,Citing_L2,9
8548270,Citing_L2,7
9052746,Citing_L2,6
7870140,Citing_L2,2
9836590,Citing_L2,0
8929668,Citing_L2,0
8571263,Citing_L2,8
9597587,Citing_L2,4
8897493,Citing_L2,1
10113868,Citing_L2,0
8457353,Citing_L2,47
8631355,Awakener,96
9098873,Citing_L2,28
9251590,Citing_L2,29
9848106,Citing_L2,1
8467574,Citing_L2,2
8638985,Citing_L2,17
9268404,Citing_L2,5
9697430,Citing_L2,16
9971491,Citing_L2,11
9478057,Citing_L2,0
8920241,Citing_L2,4
7773811,Citing_L2,2
8963829,Citing_L2,9
8982151,Citing_L2,7
10085072,Citing_L2,9
9674563,Citing_L2,3
8325984,Citing_L2,24
8351652,Citing_L2,6
8587583,Awakener,73
8565476,Citing_L2,1
10585957,Awakener,79
5600733,Citing_L2,15
11153472,Citing_L2,12
8885890,Citing_L2,15
8860663,Citing_L2,1
10331228,Citing_L2,1
8379919,Citing_L2,6
9154837,Citing_L2,4
8803952,Citing_L2,16
8613666,Citing_L2,10
6019496,Citing_L2,5
9551914,Citing_L2,16
8803888,Citing_L2,6
8597142,Citing_L2,51
10488950,Citing_L2,5
9075434,Citing_L2,2
8488888,Citing_L2,21
8320621,Awakener,141
8682028,Citing_L2,6
9418303,Citing_L2,6
9484065,Citing_L2,8
8892495,Citing_L2,55
9557836,Citing_L2,0
8330134,Citing_L2,2
8363212,Citing_L2,13
8553934,Citing_L2,1
9052382,Citing_L2,3
8644609,Citing_L2,1
9498718,Citing_L2,2
9940553,Citing_L2,14
8504546,Citing_L2,2
9342139,Citing_L2,6
9646340,Citing_L2,9
9959459,Citing_L2,0
8745541,Awakener,121
9135516,Citing_L2,8
9067136,Citing_L2,3
9823339,Citing_L2,62
8437506,Citing_L2,26
10013507,Citing_L2,6
8670029,Awakener,123
9557574,Citing_L2,12
9440535,Diffusion_L3,1
10334331,Diffusion_L3,1
11800056,Diffusion_L3,1
11762623,Diffusion_L3,1
11042355,Diffusion_L3,1
11159880,Diffusion_L3,1
6675096,Diffusion_L3,1
12333081,Diffusion_L3,1
11160111,Diffusion_L3,1
10959029,Diffusion_L3,1
12209877,Diffusion_L3,1
11523212,Diffusion_L3,1
12352591,Diffusion_L3,1
11977218,Diffusion_L3,1
12034686,Diffusion_L3,1
10743101,Diffusion_L3,1
8638725,Diffusion_L3,1
11179066,Diffusion_L3,1
9501058,Diffusion_L3,1
11233973,Diffusion_L3,1
10602053,Diffusion_L3,1
8645053,Diffusion_L3,1
11722764,Diffusion_L3,1
7771061,Diffusion_L3,1
10942430,Diffusion_L3,1
11179218,Diffusion_L3,1
8636393,Diffusion_L3,1
11893308,Diffusion_L3,1
12314472,Diffusion_L3,1
8264377,Diffusion_L3,1
11820424,Diffusion_L3,1
9471147,Diffusion_L3,1
12236952,Diffusion_L3,1
11710406,Diffusion_L3,1
9948904,Diffusion_L3,1
11460621,Diffusion_L3,1
D772978,Diffusion_L3,1
12247846,Diffusion_L3,1
10880650,Diffusion_L3,1
11604314,Diffusion_L3,1
D854473,Diffusion_L3,1
11769505,Diffusion_L3,1
11797079,Diffusion_L3,1
11354092,Diffusion_L3,1
11485358,Diffusion_L3,1
12327556,Diffusion_L3,1
10875526,Diffusion_L3,1
12168448,Diffusion_L3,1
12056832,Diffusion_L3,1
8762043,Diffusion_L3,1
8222588,Diffusion_L3,1
12112025,Diffusion_L3,1
11749275,Diffusion_L3,1
10144352,Diffusion_L3,1
12271586,Diffusion_L3,1
12429953,Diffusion_L3,1
9487235,Diffusion_L3,1
8374750,Diffusion_L3,1
12155618,Diffusion_L3,1
7643200,Diffusion_L3,1
12426788,Diffusion_L3,1
10795160,Diffusion_L3,1
11908243,Diffusion_L3,1
6438456,Diffusion_L3,1
11877203,Diffusion_L3,1
6456910,Diffusion_L3,1
11688418,Diffusion_L3,1
12401772,Diffusion_L3,1
12192617,Diffusion_L3,1
10797667,Diffusion_L3,1
11467802,Diffusion_L3,1
6803861,Diffusion_L3,1
9792692,Diffusion_L3,1
11727919,Diffusion_L3,1
9274594,Diffusion_L3,1
11416134,Diffusion_L3,1
11082678,Diffusion_L3,1
7103545,Diffusion_L3,1
11770650,Diffusion_L3,1
12101567,Diffusion_L3,1
10918287,Diffusion_L3,1
9352779,Diffusion_L3,1
11921471,Diffusion_L3,1
6553307,Diffusion_L3,1
7035721,Diffusion_L3,1
9180908,Diffusion_L3,1
12266057,Diffusion_L3,1
10031586,Diffusion_L3,1
9340154,Diffusion_L3,1
10497262,Diffusion_L3,1
12164694,Diffusion_L3,1
8294975,Diffusion_L3,1
7852462,Diffusion_L3,1
9193303,Diffusion_L3,1
10956508,Diffusion_L3,1
10718624,Diffusion_L3,1
9789392,Diffusion_L3,1
10875403,Diffusion_L3,1
11510027,Diffusion_L3,1
10134120,Diffusion_L3,1
11567324,Diffusion_L3,1
9179475,Diffusion_L3,1
11829380,Diffusion_L3,1
9495013,Diffusion_L3,1
9523852,Diffusion_L3,1
10847178,Diffusion_L3,1
10956406,Diffusion_L3,1
10760971,Diffusion_L3,1
8559093,Diffusion_L3,1
9082117,Diffusion_L3,1
10661716,Diffusion_L3,1
11714280,Diffusion_L3,1
7920102,Diffusion_L3,1
10565030,Diffusion_L3,1
9117113,Diffusion_L3,1
6708085,Diffusion_L3,1
12223402,Diffusion_L3,1
12124675,Diffusion_L3,1
11631121,Diffusion_L3,1
9652668,Diffusion_L3,1
6681174,Diffusion_L3,1
9002099,Diffusion_L3,1
10683008,Diffusion_L3,1
10732569,Diffusion_L3,1
9659555,Diffusion_L3,1
11718291,Diffusion_L3,1
9706176,Diffusion_L3,1
8047667,Diffusion_L3,1
8106347,Diffusion_L3,1
10042510,Diffusion_L3,1
8446469,Diffusion_L3,1
11301499,Diffusion_L3,1
6798355,Diffusion_L3,1
10827108,Diffusion_L3,1
11130487,Diffusion_L3,1
11091105,Diffusion_L3,1
11378390,Diffusion_L3,1
12223612,Diffusion_L3,1
10867604,Diffusion_L3,1
7023333,Diffusion_L3,1
12366769,Diffusion_L3,1
11809696,Diffusion_L3,1
11951979,Diffusion_L3,1
11556307,Diffusion_L3,1
11550542,Diffusion_L3,1
11297423,Diffusion_L3,1
11137979,Diffusion_L3,1
11666264,Diffusion_L3,1
11206169,Diffusion_L3,1
10341568,Diffusion_L3,1
12327302,Diffusion_L3,1
10565998,Diffusion_L3,1
11954405,Diffusion_L3,1
10049298,Diffusion_L3,1
10507829,Diffusion_L3,1
12361648,Diffusion_L3,1
6512965,Diffusion_L3,1
11625219,Diffusion_L3,1
11154771,Diffusion_L3,1
11727936,Diffusion_L3,1
11999296,Diffusion_L3,1
12267545,Diffusion_L3,1
11184969,Diffusion_L3,1
11300795,Diffusion_L3,1
10457209,Diffusion_L3,1
8604967,Diffusion_L3,1
9165469,Diffusion_L3,1
7548815,Diffusion_L3,1
12236932,Diffusion_L3,1
10402984,Diffusion_L3,1
9123058,Diffusion_L3,1
9341914,Diffusion_L3,1
10489971,Diffusion_L3,1
10755110,Diffusion_L3,1
9171200,Diffusion_L3,1
8416300,Diffusion_L3,1
10043391,Diffusion_L3,1
8983135,Diffusion_L3,1
9467685,Diffusion_L3,1
11194162,Diffusion_L3,1
11676590,Diffusion_L3,1
8282226,Diffusion_L3,1
11677698,Diffusion_L3,1
10467806,Diffusion_L3,1
12033081,Diffusion_L3,1
6763292,Diffusion_L3,1
8433470,Diffusion_L3,1
8041483,Diffusion_L3,1
11776509,Diffusion_L3,1
12051413,Diffusion_L3,1
12069409,Diffusion_L3,1
11962889,Diffusion_L3,1
8068942,Diffusion_L3,1
11206092,Diffusion_L3,1
11693115,Diffusion_L3,1
10753138,Diffusion_L3,1
10692380,Diffusion_L3,1
10839233,Diffusion_L3,1
11792590,Diffusion_L3,1
12204105,Diffusion_L3,1
7502687,Diffusion_L3,1
9824293,Diffusion_L3,1
11762467,Diffusion_L3,1
11565690,Diffusion_L3,1
8833987,Diffusion_L3,1
11797087,Diffusion_L3,1
10766417,Diffusion_L3,1
11095856,Diffusion_L3,1
11638070,Diffusion_L3,1
8694224,Diffusion_L3,1
10171709,Diffusion_L3,1
8095260,Diffusion_L3,1
10691729,Diffusion_L3,1
11714600,Diffusion_L3,1
11287666,Diffusion_L3,1
9851785,Diffusion_L3,1
10880427,Diffusion_L3,1
9305365,Diffusion_L3,1
9715067,Diffusion_L3,1
12293450,Diffusion_L3,1
10367948,Diffusion_L3,1
9688200,Diffusion_L3,1
11407428,Diffusion_L3,1
8164817,Diffusion_L3,1
12212536,Diffusion_L3,1
10545346,Diffusion_L3,1
11076035,Diffusion_L3,1
7831407,Diffusion_L3,1
11874970,Diffusion_L3,1
10102229,Diffusion_L3,1
12008230,Diffusion_L3,1
6975923,Diffusion_L3,1
8447474,Diffusion_L3,1
11657820,Diffusion_L3,1
8706342,Diffusion_L3,1
6681180,Diffusion_L3,1
7206697,Diffusion_L3,1
12412347,Diffusion_L3,1
10434944,Diffusion_L3,1
10810715,Diffusion_L3,1
11308962,Diffusion_L3,1
6727847,Diffusion_L3,1
8681997,Diffusion_L3,1
8731815,Diffusion_L3,1
9996595,Diffusion_L3,1
9014966,Diffusion_L3,1
11580990,Diffusion_L3,1
11474253,Diffusion_L3,1
10326969,Diffusion_L3,1
10366534,Diffusion_L3,1
7124027,Diffusion_L3,1
10921764,Diffusion_L3,1
12274939,Diffusion_L3,1
11394916,Diffusion_L3,1
D754190,Diffusion_L3,1
11516612,Diffusion_L3,1
12397477,Diffusion_L3,1
10593331,Diffusion_L3,1
9922220,Diffusion_L3,1
10388026,Diffusion_L3,1
11620799,Diffusion_L3,1
8676442,Diffusion_L3,1
10097754,Diffusion_L3,1
7729859,Diffusion_L3,1
9058058,Diffusion_L3,1
10733892,Diffusion_L3,1
7119832,Diffusion_L3,1
8304711,Diffusion_L3,1
11797099,Diffusion_L3,1
11960784,Diffusion_L3,1
9598018,Diffusion_L3,1
12115915,Diffusion_L3,1
10816636,Diffusion_L3,1
11030772,Diffusion_L3,1
8637801,Diffusion_L3,1
11197096,Diffusion_L3,1
10773707,Diffusion_L3,1
11972014,Diffusion_L3,1
8068135,Diffusion_L3,1
7510038,Diffusion_L3,1
8090153,Diffusion_L3,1
10847164,Diffusion_L3,1
9783114,Diffusion_L3,1
11598651,Diffusion_L3,1
8599001,Diffusion_L3,1
8376595,Diffusion_L3,1
12288558,Diffusion_L3,1
7974784,Diffusion_L3,1
D786893,Diffusion_L3,1
8325028,Diffusion_L3,1
10460455,Diffusion_L3,1
11080296,Diffusion_L3,1
11308718,Diffusion_L3,1
12306585,Diffusion_L3,1
10336252,Diffusion_L3,1
12361645,Diffusion_L3,1
7792329,Diffusion_L3,1
7382276,Diffusion_L3,1
8170725,Diffusion_L3,1
11138885,Diffusion_L3,1
11215465,Diffusion_L3,1
9715769,Diffusion_L3,1
7579942,Diffusion_L3,1
9024976,Diffusion_L3,1
7739045,Diffusion_L3,1
7526103,Diffusion_L3,1
10687759,Diffusion_L3,1
12386491,Diffusion_L3,1
6760645,Diffusion_L3,1
9471149,Diffusion_L3,1
7994471,Diffusion_L3,1
9019267,Diffusion_L3,1
10168710,Diffusion_L3,1
11900923,Diffusion_L3,1
11810562,Diffusion_L3,1
11736832,Diffusion_L3,1
10867054,Diffusion_L3,1
9014904,Diffusion_L3,1
11301920,Diffusion_L3,1
11743219,Diffusion_L3,1
9762880,Diffusion_L3,1
12185244,Diffusion_L3,1
10089541,Diffusion_L3,1
12405507,Diffusion_L3,1
9456201,Diffusion_L3,1
9851804,Diffusion_L3,1
7474963,Diffusion_L3,1
11825289,Diffusion_L3,1
9335411,Diffusion_L3,1
10397451,Diffusion_L3,1
11546951,Diffusion_L3,1
11521513,Diffusion_L3,1
7821697,Diffusion_L3,1
11862186,Diffusion_L3,1
9524021,Diffusion_L3,1
7871169,Diffusion_L3,1
6693563,Diffusion_L3,1
7013149,Diffusion_L3,1
12080287,Diffusion_L3,1
7446650,Diffusion_L3,1
10318117,Diffusion_L3,1
7904218,Diffusion_L3,1
8121345,Diffusion_L3,1
10257432,Diffusion_L3,1
7046125,Diffusion_L3,1
10820430,Diffusion_L3,1
12204695,Diffusion_L3,1
11288890,Diffusion_L3,1
11962940,Diffusion_L3,1
9607388,Diffusion_L3,1
10739865,Diffusion_L3,1
10523904,Diffusion_L3,1
9953223,Diffusion_L3,1
7076331,Diffusion_L3,1
12149886,Diffusion_L3,1
9304603,Diffusion_L3,1
10831278,Diffusion_L3,1
D798207,Diffusion_L3,1
10807535,Diffusion_L3,1
8787663,Diffusion_L3,1
8818703,Diffusion_L3,1
12164699,Diffusion_L3,1
6766309,Diffusion_L3,1
7477250,Diffusion_L3,1
9933852,Diffusion_L3,1
10431104,Diffusion_L3,1
9864430,Diffusion_L3,1
9761142,Diffusion_L3,1
8155883,Diffusion_L3,1
8070332,Diffusion_L3,1
8676431,Diffusion_L3,1
10609285,Diffusion_L3,1
D800618,Diffusion_L3,1
10220303,Diffusion_L3,1
12062383,Diffusion_L3,1
7149623,Diffusion_L3,1
10363875,Diffusion_L3,1
12260151,Diffusion_L3,1
11989349,Diffusion_L3,1
9984285,Diffusion_L3,1
10250975,Diffusion_L3,1
10496168,Diffusion_L3,1
9445057,Diffusion_L3,1
10726616,Diffusion_L3,1
11775079,Diffusion_L3,1
7015830,Diffusion_L3,1
7319932,Diffusion_L3,1
11378732,Diffusion_L3,1
11807230,Diffusion_L3,1
9019603,Diffusion_L3,1
10939471,Diffusion_L3,1
12361664,Diffusion_L3,1
11794647,Diffusion_L3,1
11552611,Diffusion_L3,1
10898799,Diffusion_L3,1
11148583,Diffusion_L3,1
11347317,Diffusion_L3,1
9842875,Diffusion_L3,1
11750972,Diffusion_L3,1
10218964,Diffusion_L3,1
10409549,Diffusion_L3,1
10942575,Diffusion_L3,1
12185213,Diffusion_L3,1
11100636,Diffusion_L3,1
12367687,Diffusion_L3,1
10564072,Diffusion_L3,1
12175977,Diffusion_L3,1
10007674,Diffusion_L3,1
8797627,Diffusion_L3,1
10787116,Diffusion_L3,1
11914772,Diffusion_L3,1
9549079,Diffusion_L3,1
11616910,Diffusion_L3,1
7949152,Diffusion_L3,1
8055308,Diffusion_L3,1
7490007,Diffusion_L3,1
11297178,Diffusion_L3,1
11599199,Diffusion_L3,1
10152858,Diffusion_L3,1
7311406,Diffusion_L3,1
12170747,Diffusion_L3,1
8260515,Diffusion_L3,1
11481658,Diffusion_L3,1
11770601,Diffusion_L3,1
11979836,Diffusion_L3,1
8164464,Diffusion_L3,1
11104267,Diffusion_L3,1
7366325,Diffusion_L3,1
7561955,Diffusion_L3,1
9019090,Diffusion_L3,1
9558663,Diffusion_L3,1
11657619,Diffusion_L3,1
10909708,Diffusion_L3,1
6895311,Diffusion_L3,1
10406980,Diffusion_L3,1
8964024,Diffusion_L3,1
11024331,Diffusion_L3,1
10829052,Diffusion_L3,1
11516606,Diffusion_L3,1
12216827,Diffusion_L3,1
8965685,Diffusion_L3,1
11590418,Diffusion_L3,1
12289584,Diffusion_L3,1
11445294,Diffusion_L3,1
10523879,Diffusion_L3,1
10229313,Diffusion_L3,1
11750962,Diffusion_L3,1
9551791,Diffusion_L3,1
6819261,Diffusion_L3,1
10071689,Diffusion_L3,1
12135862,Diffusion_L3,1
11711662,Diffusion_L3,1
12405675,Diffusion_L3,1
9072929,Diffusion_L3,1
7792621,Diffusion_L3,1
11765209,Diffusion_L3,1
11615284,Diffusion_L3,1
8559942,Diffusion_L3,1
11627286,Diffusion_L3,1
7355524,Diffusion_L3,1
11023043,Diffusion_L3,1
11577652,Diffusion_L3,1
11822778,Diffusion_L3,1
9639166,Diffusion_L3,1
10782848,Diffusion_L3,1
11423886,Diffusion_L3,1
9952673,Diffusion_L3,1
12314681,Diffusion_L3,1
10703274,Diffusion_L3,1
11778149,Diffusion_L3,1
11747912,Diffusion_L3,1
8185275,Diffusion_L3,1
9457717,Diffusion_L3,1
9779313,Diffusion_L3,1
12244963,Diffusion_L3,1
12260023,Diffusion_L3,1
8654433,Diffusion_L3,1
10950047,Diffusion_L3,1
11809213,Diffusion_L3,1
11308961,Diffusion_L3,1
10521021,Diffusion_L3,1
10118618,Diffusion_L3,1
7684916,Diffusion_L3,1
10567748,Diffusion_L3,1
12143781,Diffusion_L3,1
10175477,Diffusion_L3,1
8525703,Diffusion_L3,1
9558667,Diffusion_L3,1
9551788,Diffusion_L3,1
11113887,Diffusion_L3,1
12139063,Diffusion_L3,1
9942481,Diffusion_L3,1
9864905,Diffusion_L3,1
9341846,Diffusion_L3,1
10725312,Diffusion_L3,1
11720180,Diffusion_L3,1
11698770,Diffusion_L3,1
10288724,Diffusion_L3,1
11756335,Diffusion_L3,1
11682313,Diffusion_L3,1
9156473,Diffusion_L3,1
10859375,Diffusion_L3,1
7053797,Diffusion_L3,1
11538460,Diffusion_L3,1
11155210,Diffusion_L3,1
10691219,Diffusion_L3,1
9340156,Diffusion_L3,1
7379165,Diffusion_L3,1
11863311,Diffusion_L3,1
7815326,Diffusion_L3,1
12204932,Diffusion_L3,1
9561797,Diffusion_L3,1
12131500,Diffusion_L3,1
11875012,Diffusion_L3,1
9440586,Diffusion_L3,1
8366135,Diffusion_L3,1
9900490,Diffusion_L3,1
10088675,Diffusion_L3,1
7990283,Diffusion_L3,1
10914950,Diffusion_L3,1
12379834,Diffusion_L3,1
9481344,Diffusion_L3,1
11416512,Diffusion_L3,1
9185354,Diffusion_L3,1
12210153,Diffusion_L3,1
12069399,Diffusion_L3,1
11501773,Diffusion_L3,1
12387403,Diffusion_L3,1
9417080,Diffusion_L3,1
12250526,Diffusion_L3,1
9485433,Diffusion_L3,1
10516708,Diffusion_L3,1
11079846,Diffusion_L3,1
11138969,Diffusion_L3,1
11198432,Diffusion_L3,1
8565978,Diffusion_L3,1
10970035,Diffusion_L3,1
10858042,Diffusion_L3,1
10528122,Diffusion_L3,1
8060017,Diffusion_L3,1
7711355,Diffusion_L3,1
9958951,Diffusion_L3,1
12236528,Diffusion_L3,1
10984544,Diffusion_L3,1
11675494,Diffusion_L3,1
8615154,Diffusion_L3,1
10621981,Diffusion_L3,1
10926756,Diffusion_L3,1
7804980,Diffusion_L3,1
11558693,Diffusion_L3,1
10095930,Diffusion_L3,1
10247547,Diffusion_L3,1
10422649,Diffusion_L3,1
11205080,Diffusion_L3,1
10732407,Diffusion_L3,1
12087061,Diffusion_L3,1
12382188,Diffusion_L3,1
11582312,Diffusion_L3,1
D857745,Diffusion_L3,1
9393917,Diffusion_L3,1
10151838,Diffusion_L3,1
8498796,Diffusion_L3,1
11445232,Diffusion_L3,1
10627915,Diffusion_L3,1
9965534,Diffusion_L3,1
11417005,Diffusion_L3,1
12287913,Diffusion_L3,1
10076706,Diffusion_L3,1
9483506,Diffusion_L3,1
8019505,Diffusion_L3,1
9514378,Diffusion_L3,1
12073147,Diffusion_L3,1
12271517,Diffusion_L3,1
9245448,Diffusion_L3,1
11297426,Diffusion_L3,1
10861248,Diffusion_L3,1
11163361,Diffusion_L3,1
7551103,Diffusion_L3,1
11983458,Diffusion_L3,1
7207588,Diffusion_L3,1
11934569,Diffusion_L3,1
11226413,Diffusion_L3,1
10824238,Diffusion_L3,1
7616781,Diffusion_L3,1
10005394,Diffusion_L3,1
10587430,Diffusion_L3,1
12126970,Diffusion_L3,1
8508383,Diffusion_L3,1
12022056,Diffusion_L3,1
10343608,Diffusion_L3,1
10525338,Diffusion_L3,1
11137246,Diffusion_L3,1
12393274,Diffusion_L3,1
10701320,Diffusion_L3,1
11488364,Diffusion_L3,1
10360718,Diffusion_L3,1
11128792,Diffusion_L3,1
8749374,Diffusion_L3,1
12379770,Diffusion_L3,1
12054098,Diffusion_L3,1
8494675,Diffusion_L3,1
10247943,Diffusion_L3,1
12204693,Diffusion_L3,1
12405672,Diffusion_L3,1
11010512,Diffusion_L3,1
12028678,Diffusion_L3,1
8350907,Diffusion_L3,1
11380322,Diffusion_L3,1
9047507,Diffusion_L3,1
10556542,Diffusion_L3,1
8162493,Diffusion_L3,1
11676412,Diffusion_L3,1
12099327,Diffusion_L3,1
11800050,Diffusion_L3,1
11725956,Diffusion_L3,1
12292564,Diffusion_L3,1
10086747,Diffusion_L3,1
8885559,Diffusion_L3,1
11862161,Diffusion_L3,1
11198434,Diffusion_L3,1
12066576,Diffusion_L3,1
9213410,Diffusion_L3,1
12314478,Diffusion_L3,1
9273846,Diffusion_L3,1
8179236,Diffusion_L3,1
6741187,Diffusion_L3,1
11080005,Diffusion_L3,1
9875414,Diffusion_L3,1
7659810,Diffusion_L3,1
11073980,Diffusion_L3,1
9191574,Diffusion_L3,1
8451107,Diffusion_L3,1
11840176,Diffusion_L3,1
9979957,Diffusion_L3,1
9740293,Diffusion_L3,1
11501795,Diffusion_L3,1
8324552,Diffusion_L3,1
D753717,Diffusion_L3,1
11813987,Diffusion_L3,1
9656608,Diffusion_L3,1
9240018,Diffusion_L3,1
9804902,Diffusion_L3,1
11380077,Diffusion_L3,1
11787402,Diffusion_L3,1
10908045,Diffusion_L3,1
12044851,Diffusion_L3,1
11548444,Diffusion_L3,1
12093608,Diffusion_L3,1
11047672,Diffusion_L3,1
6889171,Diffusion_L3,1
8294608,Diffusion_L3,1
9183178,Diffusion_L3,1
7423553,Diffusion_L3,1
11427125,Diffusion_L3,1
9623878,Diffusion_L3,1
10059335,Diffusion_L3,1
7409279,Diffusion_L3,1
10793067,Diffusion_L3,1
9146898,Diffusion_L3,1
11212612,Diffusion_L3,1
10169821,Diffusion_L3,1
10928374,Diffusion_L3,1
11609607,Diffusion_L3,1
10061392,Diffusion_L3,1
11869503,Diffusion_L3,1
9415299,Diffusion_L3,1
9789821,Diffusion_L3,1
11846981,Diffusion_L3,1
11448937,Diffusion_L3,1
8179586,Diffusion_L3,1
8670891,Diffusion_L3,1
7006904,Diffusion_L3,1
9055186,Diffusion_L3,1
11740705,Diffusion_L3,1
8260482,Diffusion_L3,1
12143712,Diffusion_L3,1
8612111,Diffusion_L3,1
11613209,Diffusion_L3,1
12100166,Diffusion_L3,1
10486596,Diffusion_L3,1
10515279,Diffusion_L3,1
9355401,Diffusion_L3,1
9783115,Diffusion_L3,1
9679215,Diffusion_L3,1
10166927,Diffusion_L3,1
10565999,Diffusion_L3,1
9696867,Diffusion_L3,1
11007934,Diffusion_L3,1
10359641,Diffusion_L3,1
12379981,Diffusion_L3,1
8352110,Diffusion_L3,1
7158867,Diffusion_L3,1
11277558,Diffusion_L3,1
12288298,Diffusion_L3,1
11443400,Diffusion_L3,1
10567633,Diffusion_L3,1
11790276,Diffusion_L3,1
9347716,Diffusion_L3,1
D750663,Diffusion_L3,1
RE49108,Diffusion_L3,1
9701307,Diffusion_L3,1
10409371,Diffusion_L3,1
11863943,Diffusion_L3,1
7869305,Diffusion_L3,1
9740922,Diffusion_L3,1
12212937,Diffusion_L3,1
D753721,Diffusion_L3,1
9357208,Diffusion_L3,1
11595569,Diffusion_L3,1
7916009,Diffusion_L3,1
10911721,Diffusion_L3,1
10864917,Diffusion_L3,1
9144744,Diffusion_L3,1
10990174,Diffusion_L3,1
6737989,Diffusion_L3,1
11798201,Diffusion_L3,1
9229107,Diffusion_L3,1
6844827,Diffusion_L3,1
11869165,Diffusion_L3,1
9628722,Diffusion_L3,1
11770665,Diffusion_L3,1
9809171,Diffusion_L3,1
12084049,Diffusion_L3,1
11706562,Diffusion_L3,1
11516297,Diffusion_L3,1
9589362,Diffusion_L3,1
10362219,Diffusion_L3,1
11722444,Diffusion_L3,1
9008940,Diffusion_L3,1
11592614,Diffusion_L3,1
11551669,Diffusion_L3,1
6909381,Diffusion_L3,1
12271035,Diffusion_L3,1
11715489,Diffusion_L3,1
9371099,Diffusion_L3,1
7103456,Diffusion_L3,1
11516610,Diffusion_L3,1
7739006,Diffusion_L3,1
11577645,Diffusion_L3,1
12333658,Diffusion_L3,1
11962938,Diffusion_L3,1
10453272,Diffusion_L3,1
10222224,Diffusion_L3,1
7227459,Diffusion_L3,1
11868531,Diffusion_L3,1
12050729,Diffusion_L3,1
7918570,Diffusion_L3,1
9008369,Diffusion_L3,1
10025138,Diffusion_L3,1
8195341,Diffusion_L3,1
9404749,Diffusion_L3,1
8775015,Diffusion_L3,1
11716301,Diffusion_L3,1
11535154,Diffusion_L3,1
12416798,Diffusion_L3,1
10300855,Diffusion_L3,1
11627141,Diffusion_L3,1
11708025,Diffusion_L3,1
12393272,Diffusion_L3,1
11131542,Diffusion_L3,1
11755194,Diffusion_L3,1
10735695,Diffusion_L3,1
8032264,Diffusion_L3,1
11696074,Diffusion_L3,1
11165949,Diffusion_L3,1
10241639,Diffusion_L3,1
12141416,Diffusion_L3,1
8825261,Diffusion_L3,1
7659811,Diffusion_L3,1
12039080,Diffusion_L3,1
12175999,Diffusion_L3,1
9937422,Diffusion_L3,1
11623559,Diffusion_L3,1
7522091,Diffusion_L3,1
9000903,Diffusion_L3,1
12165635,Diffusion_L3,1
11798553,Diffusion_L3,1
11728780,Diffusion_L3,1
11991505,Diffusion_L3,1
6684127,Diffusion_L3,1
10747982,Diffusion_L3,1
10089537,Diffusion_L3,1
11184711,Diffusion_L3,1
10055888,Diffusion_L3,1
11701585,Diffusion_L3,1
9747802,Diffusion_L3,1
D754189,Diffusion_L3,1
10019797,Diffusion_L3,1
7720597,Diffusion_L3,1
10120379,Diffusion_L3,1
10493916,Diffusion_L3,1
9940528,Diffusion_L3,1
10466962,Diffusion_L3,1
11129569,Diffusion_L3,1
10607094,Diffusion_L3,1
11451908,Diffusion_L3,1
10776382,Diffusion_L3,1
9998684,Diffusion_L3,1
10990189,Diffusion_L3,1
10336255,Diffusion_L3,1
11212449,Diffusion_L3,1
11183181,Diffusion_L3,1
10357714,Diffusion_L3,1
10593130,Diffusion_L3,1
11714535,Diffusion_L3,1
11794722,Diffusion_L3,1
8462745,Diffusion_L3,1
8462204,Diffusion_L3,1
11532105,Diffusion_L3,1
7145441,Diffusion_L3,1
9606647,Diffusion_L3,1
9558409,Diffusion_L3,1
10131279,Diffusion_L3,1
7280674,Diffusion_L3,1
12333404,Diffusion_L3,1
12386430,Diffusion_L3,1
11737832,Diffusion_L3,1
8154418,Diffusion_L3,1
7579980,Diffusion_L3,1
11977684,Diffusion_L3,1
9977247,Diffusion_L3,1
9786171,Diffusion_L3,1
6580976,Diffusion_L3,1
10752243,Diffusion_L3,1
10714115,Diffusion_L3,1
D754203,Diffusion_L3,1
10110795,Diffusion_L3,1
11521296,Diffusion_L3,1
12014742,Diffusion_L3,1
9225527,Diffusion_L3,1
9824587,Diffusion_L3,1
10338196,Diffusion_L3,1
9950707,Diffusion_L3,1
11961519,Diffusion_L3,1
6906621,Diffusion_L3,1
7916899,Diffusion_L3,1
10699711,Diffusion_L3,1
10870449,Diffusion_L3,1
10500489,Diffusion_L3,1
10999733,Diffusion_L3,1
8965677,Diffusion_L3,1
8965695,Diffusion_L3,1
11356606,Diffusion_L3,1
9346468,Diffusion_L3,1
8290665,Diffusion_L3,1
10293714,Diffusion_L3,1
10782847,Diffusion_L3,1
11321116,Diffusion_L3,1
10672197,Diffusion_L3,1
12393316,Diffusion_L3,1
9694753,Diffusion_L3,1
12299798,Diffusion_L3,1
11203340,Diffusion_L3,1
10144419,Diffusion_L3,1
9511715,Diffusion_L3,1
11562740,Diffusion_L3,1
11307432,Diffusion_L3,1
9972100,Diffusion_L3,1
11842734,Diffusion_L3,1
10144353,Diffusion_L3,1
11651692,Diffusion_L3,1
8354944,Diffusion_L3,1
9060341,Diffusion_L3,1
10321127,Diffusion_L3,1
11477590,Diffusion_L3,1
10889293,Diffusion_L3,1
10249030,Diffusion_L3,1
11807164,Diffusion_L3,1
11790625,Diffusion_L3,1
12189422,Diffusion_L3,1
11910123,Diffusion_L3,1
8706078,Diffusion_L3,1
8676491,Diffusion_L3,1
10104298,Diffusion_L3,1
11483514,Diffusion_L3,1
10875527,Diffusion_L3,1
12115978,Diffusion_L3,1
11778368,Diffusion_L3,1
11415426,Diffusion_L3,1
11120254,Diffusion_L3,1
11694689,Diffusion_L3,1
11389051,Diffusion_L3,1
10740960,Diffusion_L3,1
10093324,Diffusion_L3,1
9910497,Diffusion_L3,1
8818608,Diffusion_L3,1
12353840,Diffusion_L3,1
9436880,Diffusion_L3,1
11803345,Diffusion_L3,1
8280601,Diffusion_L3,1
9717461,Diffusion_L3,1
6822563,Diffusion_L3,1
8993951,Diffusion_L3,1
10308186,Diffusion_L3,1
10203402,Diffusion_L3,1
9030487,Diffusion_L3,1
7402786,Diffusion_L3,1
7994936,Diffusion_L3,1
11908434,Diffusion_L3,1
11789583,Diffusion_L3,1
10255489,Diffusion_L3,1
7579940,Diffusion_L3,1
9511779,Diffusion_L3,1
9796331,Diffusion_L3,1
8335032,Diffusion_L3,1
10244224,Diffusion_L3,1
10811015,Diffusion_L3,1
12236148,Diffusion_L3,1
8884788,Diffusion_L3,1
10904489,Diffusion_L3,1
7926960,Diffusion_L3,1
11609645,Diffusion_L3,1
10474297,Diffusion_L3,1
7382274,Diffusion_L3,1
10179545,Diffusion_L3,1
8041505,Diffusion_L3,1
9880286,Diffusion_L3,1
11977732,Diffusion_L3,1
10735642,Diffusion_L3,1
9811721,Diffusion_L3,1
11481031,Diffusion_L3,1
12165644,Diffusion_L3,1
11902287,Diffusion_L3,1
9400981,Diffusion_L3,1
11410431,Diffusion_L3,1
11948266,Diffusion_L3,1
11025859,Diffusion_L3,1
10593007,Diffusion_L3,1
12367879,Diffusion_L3,1
10241244,Diffusion_L3,1
6529831,Diffusion_L3,1
9996638,Diffusion_L3,1
D797627,Diffusion_L3,1
9654763,Diffusion_L3,1
11447070,Diffusion_L3,1
11838579,Diffusion_L3,1
11285873,Diffusion_L3,1
7325935,Diffusion_L3,1
7149625,Diffusion_L3,1
12077153,Diffusion_L3,1
8086406,Diffusion_L3,1
7183944,Diffusion_L3,1
9423874,Diffusion_L3,1
10046702,Diffusion_L3,1
9747696,Diffusion_L3,1
12298513,Diffusion_L3,1
10410411,Diffusion_L3,1
10272839,Diffusion_L3,1
11858413,Diffusion_L3,1
8629768,Diffusion_L3,1
8924020,Diffusion_L3,1
11592872,Diffusion_L3,1
10048765,Diffusion_L3,1
10509241,Diffusion_L3,1
8280621,Diffusion_L3,1
9809168,Diffusion_L3,1
8017898,Diffusion_L3,1
12047753,Diffusion_L3,1
12233860,Diffusion_L3,1
9994156,Diffusion_L3,1
9043093,Diffusion_L3,1
7826123,Diffusion_L3,1
9090234,Diffusion_L3,1
D772274,Diffusion_L3,1
7109854,Diffusion_L3,1
7388182,Diffusion_L3,1
12302037,Diffusion_L3,1
10574885,Diffusion_L3,1
12380238,Diffusion_L3,1
6771188,Diffusion_L3,1
8400704,Diffusion_L3,1
11175880,Diffusion_L3,1
10560610,Diffusion_L3,1
D809984,Diffusion_L3,1
11366316,Diffusion_L3,1
6519506,Diffusion_L3,1
10509972,Diffusion_L3,1
6411871,Diffusion_L3,1
10569804,Diffusion_L3,1
10257455,Diffusion_L3,1
10859768,Diffusion_L3,1
10296099,Diffusion_L3,1
11200900,Diffusion_L3,1
10926702,Diffusion_L3,1
10131280,Diffusion_L3,1
7089094,Diffusion_L3,1
12158612,Diffusion_L3,1
9977565,Diffusion_L3,1
10139829,Diffusion_L3,1
D1029031,Diffusion_L3,1
6662108,Diffusion_L3,1
9652984,Diffusion_L3,1
11577646,Diffusion_L3,1
11880509,Diffusion_L3,1
12394077,Diffusion_L3,1
6956503,Diffusion_L3,1
8325986,Diffusion_L3,1
12250536,Diffusion_L3,1
10853338,Diffusion_L3,1
11646045,Diffusion_L3,1
12239763,Diffusion_L3,1
11310596,Diffusion_L3,1
9912841,Diffusion_L3,1
7465693,Diffusion_L3,1
10971139,Diffusion_L3,1
11480791,Diffusion_L3,1
8150639,Diffusion_L3,1
10817795,Diffusion_L3,1
10446165,Diffusion_L3,1
11709373,Diffusion_L3,1
9090259,Diffusion_L3,1
9221399,Diffusion_L3,1
11775033,Diffusion_L3,1
10875455,Diffusion_L3,1
10223744,Diffusion_L3,1
9555803,Diffusion_L3,1
11778159,Diffusion_L3,1
12099713,Diffusion_L3,1
10710466,Diffusion_L3,1
9749541,Diffusion_L3,1
11811876,Diffusion_L3,1
9707896,Diffusion_L3,1
11790911,Diffusion_L3,1
9679367,Diffusion_L3,1
9744907,Diffusion_L3,1
10925465,Diffusion_L3,1
10370102,Diffusion_L3,1
8019513,Diffusion_L3,1
12200404,Diffusion_L3,1
11556306,Diffusion_L3,1
11482224,Diffusion_L3,1
11135510,Diffusion_L3,1
7570783,Diffusion_L3,1
11643113,Diffusion_L3,1
10690915,Diffusion_L3,1
7647178,Diffusion_L3,1
11734844,Diffusion_L3,1
7825600,Diffusion_L3,1
7280914,Diffusion_L3,1
11687224,Diffusion_L3,1
10327708,Diffusion_L3,1
10120857,Diffusion_L3,1
11635736,Diffusion_L3,1
12307287,Diffusion_L3,1
9701246,Diffusion_L3,1
8977439,Diffusion_L3,1
10643372,Diffusion_L3,1
12017588,Diffusion_L3,1
8184018,Diffusion_L3,1
11231294,Diffusion_L3,1
11245837,Diffusion_L3,1
10055186,Diffusion_L3,1
9043130,Diffusion_L3,1
11120794,Diffusion_L3,1
10163222,Diffusion_L3,1
11592871,Diffusion_L3,1
11402801,Diffusion_L3,1
8179281,Diffusion_L3,1
7565230,Diffusion_L3,1
10366308,Diffusion_L3,1
9187028,Diffusion_L3,1
11477327,Diffusion_L3,1
12034690,Diffusion_L3,1
12407792,Diffusion_L3,1
11715388,Diffusion_L3,1
10004462,Diffusion_L3,1
9783055,Diffusion_L3,1
10996073,Diffusion_L3,1
D766304,Diffusion_L3,1
10802183,Diffusion_L3,1
10873819,Diffusion_L3,1
11461355,Diffusion_L3,1
10922563,Diffusion_L3,1
8195188,Diffusion_L3,1
11432030,Diffusion_L3,1
11681143,Diffusion_L3,1
11895391,Diffusion_L3,1
6926374,Diffusion_L3,1
12032746,Diffusion_L3,1
7006917,Diffusion_L3,1
11768851,Diffusion_L3,1
9880635,Diffusion_L3,1
11727933,Diffusion_L3,1
10339352,Diffusion_L3,1
9823747,Diffusion_L3,1
11514898,Diffusion_L3,1
8994591,Diffusion_L3,1
9563809,Diffusion_L3,1
10802495,Diffusion_L3,1
11181929,Diffusion_L3,1
6650965,Diffusion_L3,1
D944776,Diffusion_L3,1
8655543,Diffusion_L3,1
11500514,Diffusion_L3,1
10241638,Diffusion_L3,1
9547795,Diffusion_L3,1
12099696,Diffusion_L3,1
9697643,Diffusion_L3,1
10606555,Diffusion_L3,1
11763573,Diffusion_L3,1
12100092,Diffusion_L3,1
11361518,Diffusion_L3,1
9073491,Diffusion_L3,1
9598014,Diffusion_L3,1
10293838,Diffusion_L3,1
8280560,Diffusion_L3,1
11269481,Diffusion_L3,1
9787904,Diffusion_L3,1
11442414,Diffusion_L3,1
10013888,Diffusion_L3,1
11071915,Diffusion_L3,1
9665249,Diffusion_L3,1
8977008,Diffusion_L3,1
9704027,Diffusion_L3,1
10620709,Diffusion_L3,1
10127738,Diffusion_L3,1
10842407,Diffusion_L3,1
9944283,Diffusion_L3,1
12086935,Diffusion_L3,1
12103522,Diffusion_L3,1
9022417,Diffusion_L3,1
11924545,Diffusion_L3,1
12001878,Diffusion_L3,1
6842189,Diffusion_L3,1
10126552,Diffusion_L3,1
9868463,Diffusion_L3,1
10880644,Diffusion_L3,1
7583184,Diffusion_L3,1
9545883,Diffusion_L3,1
10623704,Diffusion_L3,1
11794651,Diffusion_L3,1
11849299,Diffusion_L3,1
11995108,Diffusion_L3,1
11514656,Diffusion_L3,1
11953911,Diffusion_L3,1
9563951,Diffusion_L3,1
11506782,Diffusion_L3,1
11204692,Diffusion_L3,1
8727547,Diffusion_L3,1
11281013,Diffusion_L3,1
12200399,Diffusion_L3,1
8970592,Diffusion_L3,1
9487144,Diffusion_L3,1
6470272,Diffusion_L3,1
10765873,Diffusion_L3,1
10703299,Diffusion_L3,1
10829053,Diffusion_L3,1
11104327,Diffusion_L3,1
10603569,Diffusion_L3,1
11513350,Diffusion_L3,1
10580221,Diffusion_L3,1
8903592,Diffusion_L3,1
9415777,Diffusion_L3,1
11747568,Diffusion_L3,1
11400919,Diffusion_L3,1
11736860,Diffusion_L3,1
9317758,Diffusion_L3,1
12431128,Diffusion_L3,1
8095310,Diffusion_L3,1
9612341,Diffusion_L3,1
12169765,Diffusion_L3,1
11160455,Diffusion_L3,1
11124121,Diffusion_L3,1
12092914,Diffusion_L3,1
8170787,Diffusion_L3,1
11639846,Diffusion_L3,1
8659468,Diffusion_L3,1
12244957,Diffusion_L3,1
12380925,Diffusion_L3,1
11650044,Diffusion_L3,1
11789113,Diffusion_L3,1
9019091,Diffusion_L3,1
12118134,Diffusion_L3,1
9575315,Diffusion_L3,1
9779502,Diffusion_L3,1
9141189,Diffusion_L3,1
9365186,Diffusion_L3,1
9134398,Diffusion_L3,1
11927759,Diffusion_L3,1
7778753,Diffusion_L3,1
11438691,Diffusion_L3,1
7494231,Diffusion_L3,1
10187590,Diffusion_L3,1
12033296,Diffusion_L3,1
10186083,Diffusion_L3,1
10805603,Diffusion_L3,1
8804979,Diffusion_L3,1
9606209,Diffusion_L3,1
D817238,Diffusion_L3,1
D915460,Diffusion_L3,1
10846942,Diffusion_L3,1
11422266,Diffusion_L3,1
9881207,Diffusion_L3,1
7945360,Diffusion_L3,1
10121039,Diffusion_L3,1
12002372,Diffusion_L3,1
11567179,Diffusion_L3,1
10823882,Diffusion_L3,1
10869108,Diffusion_L3,1
11563842,Diffusion_L3,1
11689703,Diffusion_L3,1
D1038988,Diffusion_L3,1
10129518,Diffusion_L3,1
8121787,Diffusion_L3,1
11823249,Diffusion_L3,1
10110860,Diffusion_L3,1
11606697,Diffusion_L3,1
9373117,Diffusion_L3,1
10698203,Diffusion_L3,1
11314399,Diffusion_L3,1
6816089,Diffusion_L3,1
11734477,Diffusion_L3,1
11797051,Diffusion_L3,1
12065136,Diffusion_L3,1
7343231,Diffusion_L3,1
10202077,Diffusion_L3,1
10324536,Diffusion_L3,1
D753718,Diffusion_L3,1
7343244,Diffusion_L3,1
7629899,Diffusion_L3,1
10202147,Diffusion_L3,1
7045783,Diffusion_L3,1
7899621,Diffusion_L3,1
10572529,Diffusion_L3,1
11606658,Diffusion_L3,1
9671931,Diffusion_L3,1
11579441,Diffusion_L3,1
11061372,Diffusion_L3,1
11709582,Diffusion_L3,1
10373366,Diffusion_L3,1
9131120,Diffusion_L3,1
9557584,Diffusion_L3,1
7655894,Diffusion_L3,1
9873442,Diffusion_L3,1
6430506,Diffusion_L3,1
11328447,Diffusion_L3,1
11574452,Diffusion_L3,1
10222529,Diffusion_L3,1
10946799,Diffusion_L3,1
9821818,Diffusion_L3,1
12340142,Diffusion_L3,1
11790554,Diffusion_L3,1
11433809,Diffusion_L3,1
9481306,Diffusion_L3,1
11086594,Diffusion_L3,1
7167127,Diffusion_L3,1
11872939,Diffusion_L3,1
10452931,Diffusion_L3,1
12387716,Diffusion_L3,1
11797263,Diffusion_L3,1
9134729,Diffusion_L3,1
8060260,Diffusion_L3,1
12118149,Diffusion_L3,1
9758102,Diffusion_L3,1
9911050,Diffusion_L3,1
10642364,Diffusion_L3,1
11889276,Diffusion_L3,1
10304203,Diffusion_L3,1
11206373,Diffusion_L3,1
11643099,Diffusion_L3,1
8817099,Diffusion_L3,1
11689858,Diffusion_L3,1
12165651,Diffusion_L3,1
12061752,Diffusion_L3,1
11776190,Diffusion_L3,1
8705161,Diffusion_L3,1
11995457,Diffusion_L3,1
10444854,Diffusion_L3,1
10266115,Diffusion_L3,1
11175728,Diffusion_L3,1
10043082,Diffusion_L3,1
10503399,Diffusion_L3,1
8781645,Diffusion_L3,1
8886401,Diffusion_L3,1
9076212,Diffusion_L3,1
9734589,Diffusion_L3,1
11430148,Diffusion_L3,1
11511668,Diffusion_L3,1
11960651,Diffusion_L3,1
11223771,Diffusion_L3,1
12164689,Diffusion_L3,1
10239457,Diffusion_L3,1
10402956,Diffusion_L3,1
11321857,Diffusion_L3,1
11347960,Diffusion_L3,1
11425189,Diffusion_L3,1
8820782,Diffusion_L3,1
9595997,Diffusion_L3,1
11769335,Diffusion_L3,1
11331045,Diffusion_L3,1
10509147,Diffusion_L3,1
9918073,Diffusion_L3,1
11726742,Diffusion_L3,1
8643724,Diffusion_L3,1
9602974,Diffusion_L3,1
11995238,Diffusion_L3,1
11663917,Diffusion_L3,1
7501981,Diffusion_L3,1
11958183,Diffusion_L3,1
9758163,Diffusion_L3,1
8340836,Diffusion_L3,1
10410434,Diffusion_L3,1
10089540,Diffusion_L3,1
10528243,Diffusion_L3,1
7057532,Diffusion_L3,1
11829524,Diffusion_L3,1
9176924,Diffusion_L3,1
10678053,Diffusion_L3,1
11646023,Diffusion_L3,1
10359736,Diffusion_L3,1
11743340,Diffusion_L3,1
12016719,Diffusion_L3,1
9446713,Diffusion_L3,1
8947218,Diffusion_L3,1
11475650,Diffusion_L3,1
8255144,Diffusion_L3,1
11318928,Diffusion_L3,1
11487131,Diffusion_L3,1
11800281,Diffusion_L3,1
12197712,Diffusion_L3,1
9053381,Diffusion_L3,1
9330307,Diffusion_L3,1
9443358,Diffusion_L3,1
10438349,Diffusion_L3,1
12271532,Diffusion_L3,1
11009964,Diffusion_L3,1
9776632,Diffusion_L3,1
8825258,Diffusion_L3,1
11877054,Diffusion_L3,1
11265532,Diffusion_L3,1
12267652,Diffusion_L3,1
11189286,Diffusion_L3,1
12293203,Diffusion_L3,1
11431938,Diffusion_L3,1
11072288,Diffusion_L3,1
9465461,Diffusion_L3,1
10351135,Diffusion_L3,1
11832068,Diffusion_L3,1
9123250,Diffusion_L3,1
8280586,Diffusion_L3,1
11989348,Diffusion_L3,1
12211502,Diffusion_L3,1
8466806,Diffusion_L3,1
11561579,Diffusion_L3,1
10877147,Diffusion_L3,1
11225153,Diffusion_L3,1
9687730,Diffusion_L3,1
11438761,Diffusion_L3,1
6684137,Diffusion_L3,1
12058471,Diffusion_L3,1
6420997,Diffusion_L3,1
11641559,Diffusion_L3,1
11675491,Diffusion_L3,1
10332537,Diffusion_L3,1
8958448,Diffusion_L3,1
11606657,Diffusion_L3,1
7728721,Diffusion_L3,1
9545921,Diffusion_L3,1
8842176,Diffusion_L3,1
10269243,Diffusion_L3,1
11673605,Diffusion_L3,1
8818610,Diffusion_L3,1
8508384,Diffusion_L3,1
11863593,Diffusion_L3,1
10585193,Diffusion_L3,1
10654423,Diffusion_L3,1
11863508,Diffusion_L3,1
10180469,Diffusion_L3,1
10338693,Diffusion_L3,1
9779131,Diffusion_L3,1
11445300,Diffusion_L3,1
RE50344,Diffusion_L3,1
8379289,Diffusion_L3,1
10690916,Diffusion_L3,1
8267559,Diffusion_L3,1
12113865,Diffusion_L3,1
8346426,Diffusion_L3,1
10538202,Diffusion_L3,1
8879139,Diffusion_L3,1
10489986,Diffusion_L3,1
11512836,Diffusion_L3,1
10780827,Diffusion_L3,1
RE47225,Diffusion_L3,1
9652973,Diffusion_L3,1
11572015,Diffusion_L3,1
12112024,Diffusion_L3,1
9609289,Diffusion_L3,1
9663117,Diffusion_L3,1
D845851,Diffusion_L3,1
8803710,Diffusion_L3,1
11280937,Diffusion_L3,1
11484479,Diffusion_L3,1
10078789,Diffusion_L3,1
12069444,Diffusion_L3,1
12170834,Diffusion_L3,1
9434327,Diffusion_L3,1
10674072,Diffusion_L3,1
10739591,Diffusion_L3,1
9138175,Diffusion_L3,1
11748958,Diffusion_L3,1
11726332,Diffusion_L3,1
11961494,Diffusion_L3,1
8060109,Diffusion_L3,1
7864399,Diffusion_L3,1
7380948,Diffusion_L3,1
8095248,Diffusion_L3,1
11036302,Diffusion_L3,1
11116010,Diffusion_L3,1
11308711,Diffusion_L3,1
10071687,Diffusion_L3,1
10692518,Diffusion_L3,1
11399995,Diffusion_L3,1
11101917,Diffusion_L3,1
12309326,Diffusion_L3,1
10564731,Diffusion_L3,1
10592001,Diffusion_L3,1
12248150,Diffusion_L3,1
12260234,Diffusion_L3,1
11754842,Diffusion_L3,1
10140724,Diffusion_L3,1
9950738,Diffusion_L3,1
11720126,Diffusion_L3,1
11627172,Diffusion_L3,1
11175888,Diffusion_L3,1
11900936,Diffusion_L3,1
10800331,Diffusion_L3,1
10775165,Diffusion_L3,1
10018843,Diffusion_L3,1
11924254,Diffusion_L3,1
9781318,Diffusion_L3,1
10685243,Diffusion_L3,1
11726323,Diffusion_L3,1
11574451,Diffusion_L3,1
7792622,Diffusion_L3,1
10611306,Diffusion_L3,1
12361943,Diffusion_L3,1
10051411,Diffusion_L3,1
11906280,Diffusion_L3,1
12238490,Diffusion_L3,1
11302326,Diffusion_L3,1
10445928,Diffusion_L3,1
11617022,Diffusion_L3,1
10602268,Diffusion_L3,1
10163216,Diffusion_L3,1
11069148,Diffusion_L3,1
8150583,Diffusion_L3,1
11119565,Diffusion_L3,1
11226677,Diffusion_L3,1
8917169,Diffusion_L3,1
11442222,Diffusion_L3,1
10255824,Diffusion_L3,1
11100154,Diffusion_L3,1
11664023,Diffusion_L3,1
9092986,Diffusion_L3,1
9626591,Diffusion_L3,1
7711464,Diffusion_L3,1
RE42546,Diffusion_L3,1
D771682,Diffusion_L3,1
8142059,Diffusion_L3,1
12249035,Diffusion_L3,1
10160382,Diffusion_L3,1
11971491,Diffusion_L3,1
10798366,Diffusion_L3,1
9878670,Diffusion_L3,1
11914848,Diffusion_L3,1
10970681,Diffusion_L3,1
9126525,Diffusion_L3,1
10699155,Diffusion_L3,1
11496571,Diffusion_L3,1
10241330,Diffusion_L3,1
8680987,Diffusion_L3,1
12184969,Diffusion_L3,1
10152859,Diffusion_L3,1
12354223,Diffusion_L3,1
11315556,Diffusion_L3,1
7496449,Diffusion_L3,1
12141415,Diffusion_L3,1
10555077,Diffusion_L3,1
12179117,Diffusion_L3,1
12230291,Diffusion_L3,1
7265663,Diffusion_L3,1
11979960,Diffusion_L3,1
10486597,Diffusion_L3,1
12366823,Diffusion_L3,1
6459403,Diffusion_L3,1
11000211,Diffusion_L3,1
9830701,Diffusion_L3,1
11518377,Diffusion_L3,1
10905350,Diffusion_L3,1
10905383,Diffusion_L3,1
10107630,Diffusion_L3,1
11960653,Diffusion_L3,1
12265664,Diffusion_L3,1
6748325,Diffusion_L3,1
8478453,Diffusion_L3,1
9075413,Diffusion_L3,1
12073054,Diffusion_L3,1
10583782,Diffusion_L3,1
11521624,Diffusion_L3,1
10598932,Diffusion_L3,1
9867549,Diffusion_L3,1
11783815,Diffusion_L3,1
6778928,Diffusion_L3,1
7095315,Diffusion_L3,1
6744384,Diffusion_L3,1
9424607,Diffusion_L3,1
11858500,Diffusion_L3,1
12379547,Diffusion_L3,1
9235753,Diffusion_L3,1
10086870,Diffusion_L3,1
9724587,Diffusion_L3,1
9925980,Diffusion_L3,1
9943247,Diffusion_L3,1
6813561,Diffusion_L3,1
9491420,Diffusion_L3,1
7994462,Diffusion_L3,1
9415778,Diffusion_L3,1
12380618,Diffusion_L3,1
11671559,Diffusion_L3,1
10112540,Diffusion_L3,1
12392902,Diffusion_L3,1
9577406,Diffusion_L3,1
11006214,Diffusion_L3,1
10353483,Diffusion_L3,1
8923530,Diffusion_L3,1
12334081,Diffusion_L3,1
7344261,Diffusion_L3,1
12374055,Diffusion_L3,1
10820182,Diffusion_L3,1
11567578,Diffusion_L3,1
11690892,Diffusion_L3,1
12141191,Diffusion_L3,1
8922393,Diffusion_L3,1
12160404,Diffusion_L3,1
11785380,Diffusion_L3,1
9967661,Diffusion_L3,1
9782141,Diffusion_L3,1
11725933,Diffusion_L3,1
7202776,Diffusion_L3,1
10656724,Diffusion_L3,1
10632917,Diffusion_L3,1
11893992,Diffusion_L3,1
8725344,Diffusion_L3,1
12010487,Diffusion_L3,1
10640041,Diffusion_L3,1
11285877,Diffusion_L3,1
8903430,Diffusion_L3,1
11545169,Diffusion_L3,1
12164978,Diffusion_L3,1
7188014,Diffusion_L3,1
11943562,Diffusion_L3,1
10522167,Diffusion_L3,1
12399326,Diffusion_L3,1
11259117,Diffusion_L3,1
11017789,Diffusion_L3,1
7589883,Diffusion_L3,1
9159232,Diffusion_L3,1
11045137,Diffusion_L3,1
11778259,Diffusion_L3,1
9495613,Diffusion_L3,1
11783862,Diffusion_L3,1
11514673,Diffusion_L3,1
12197514,Diffusion_L3,1
9542847,Diffusion_L3,1
10891025,Diffusion_L3,1
11363240,Diffusion_L3,1
9796332,Diffusion_L3,1
11798419,Diffusion_L3,1
11882189,Diffusion_L3,1
12086327,Diffusion_L3,1
10115310,Diffusion_L3,1
6470261,Diffusion_L3,1
11153780,Diffusion_L3,1
9834142,Diffusion_L3,1
8044776,Diffusion_L3,1
11778339,Diffusion_L3,1
12001013,Diffusion_L3,1
8610992,Diffusion_L3,1
11543594,Diffusion_L3,1
11907436,Diffusion_L3,1
12208789,Diffusion_L3,1
11315427,Diffusion_L3,1
9244281,Diffusion_L3,1
11877139,Diffusion_L3,1
8908040,Diffusion_L3,1
9995567,Diffusion_L3,1
11503253,Diffusion_L3,1
11736878,Diffusion_L3,1
12008152,Diffusion_L3,1
7859565,Diffusion_L3,1
11262841,Diffusion_L3,1
8321092,Diffusion_L3,1
7859428,Diffusion_L3,1
8868324,Diffusion_L3,1
11815781,Diffusion_L3,1
7571042,Diffusion_L3,1
12405471,Diffusion_L3,1
D771681,Diffusion_L3,1
11163317,Diffusion_L3,1
11854547,Diffusion_L3,1
11487364,Diffusion_L3,1
9046374,Diffusion_L3,1
10462426,Diffusion_L3,1
10025994,Diffusion_L3,1
10653945,Diffusion_L3,1
11994272,Diffusion_L3,1
11842726,Diffusion_L3,1
10132971,Diffusion_L3,1
7914188,Diffusion_L3,1
10635922,Diffusion_L3,1
10449903,Diffusion_L3,1
11790937,Diffusion_L3,1
11706579,Diffusion_L3,1
10757485,Diffusion_L3,1
11630525,Diffusion_L3,1
11669985,Diffusion_L3,1
10656711,Diffusion_L3,1
7088219,Diffusion_L3,1
8779910,Diffusion_L3,1
9672441,Diffusion_L3,1
10705332,Diffusion_L3,1
12236008,Diffusion_L3,1
12014118,Diffusion_L3,1
11815594,Diffusion_L3,1
10740065,Diffusion_L3,1
9194943,Diffusion_L3,1
10045144,Diffusion_L3,1
8738213,Diffusion_L3,1
10542244,Diffusion_L3,1
11308720,Diffusion_L3,1
10358057,Diffusion_L3,1
9606630,Diffusion_L3,1
11587242,Diffusion_L3,1
11224802,Diffusion_L3,1
11202198,Diffusion_L3,1
8583329,Diffusion_L3,1
12391183,Diffusion_L3,1
11146661,Diffusion_L3,1
12217765,Diffusion_L3,1
11297643,Diffusion_L3,1
7444240,Diffusion_L3,1
10024965,Diffusion_L3,1
6721632,Diffusion_L3,1
11481988,Diffusion_L3,1
7859737,Diffusion_L3,1
11803350,Diffusion_L3,1
12095866,Diffusion_L3,1
12164700,Diffusion_L3,1
11371794,Diffusion_L3,1
9813808,Diffusion_L3,1
6571161,Diffusion_L3,1
7016783,Diffusion_L3,1
11388516,Diffusion_L3,1
11142123,Diffusion_L3,1
11756316,Diffusion_L3,1
6895305,Diffusion_L3,1
12360734,Diffusion_L3,1
6924736,Diffusion_L3,1
8483439,Diffusion_L3,1
8849495,Diffusion_L3,1
10657970,Diffusion_L3,1
11599148,Diffusion_L3,1
10094673,Diffusion_L3,1
11941163,Diffusion_L3,1
11762222,Diffusion_L3,1
12155925,Diffusion_L3,1
12265655,Diffusion_L3,1
10705337,Diffusion_L3,1
9274339,Diffusion_L3,1
6798356,Diffusion_L3,1
10891932,Diffusion_L3,1
10820349,Diffusion_L3,1
7774112,Diffusion_L3,1
11753007,Diffusion_L3,1
10592735,Diffusion_L3,1
10659190,Diffusion_L3,1
11690014,Diffusion_L3,1
12105283,Diffusion_L3,1
6760646,Diffusion_L3,1
10614807,Diffusion_L3,1
11178335,Diffusion_L3,1
10214206,Diffusion_L3,1
12360557,Diffusion_L3,1
11885871,Diffusion_L3,1
9269268,Diffusion_L3,1
D765713,Diffusion_L3,1
11748056,Diffusion_L3,1
11907423,Diffusion_L3,1
12348855,Diffusion_L3,1
9805266,Diffusion_L3,1
8451880,Diffusion_L3,1
11360577,Diffusion_L3,1
9317854,Diffusion_L3,1
12301635,Diffusion_L3,1
11282273,Diffusion_L3,1
11543533,Diffusion_L3,1
9643605,Diffusion_L3,1
12360558,Diffusion_L3,1
11029762,Diffusion_L3,1
12067990,Diffusion_L3,1
9883155,Diffusion_L3,1
12214781,Diffusion_L3,1
8289172,Diffusion_L3,1
12113764,Diffusion_L3,1
9409087,Diffusion_L3,1
7302344,Diffusion_L3,1
10567705,Diffusion_L3,1
11800280,Diffusion_L3,1
12154218,Diffusion_L3,1
10137892,Diffusion_L3,1
9632659,Diffusion_L3,1
9499139,Diffusion_L3,1
7330103,Diffusion_L3,1
11208099,Diffusion_L3,1
12148108,Diffusion_L3,1
11256155,Diffusion_L3,1
12118806,Diffusion_L3,1
11634073,Diffusion_L3,1
10444752,Diffusion_L3,1
7840355,Diffusion_L3,1
12174324,Diffusion_L3,1
8134117,Diffusion_L3,1
12432441,Diffusion_L3,1
12200297,Diffusion_L3,1
8818647,Diffusion_L3,1
9694752,Diffusion_L3,1
10091015,Diffusion_L3,1
11726329,Diffusion_L3,1
9211911,Diffusion_L3,1
11561621,Diffusion_L3,1
9530060,Diffusion_L3,1
6606561,Diffusion_L3,1
9509957,Diffusion_L3,1
9008854,Diffusion_L3,1
8614640,Diffusion_L3,1
9743002,Diffusion_L3,1
9766465,Diffusion_L3,1
10769953,Diffusion_L3,1
9316737,Diffusion_L3,1
7613327,Diffusion_L3,1
11837237,Diffusion_L3,1
12219314,Diffusion_L3,1
6853919,Diffusion_L3,1
10753735,Diffusion_L3,1
12293764,Diffusion_L3,1
11533452,Diffusion_L3,1
7957876,Diffusion_L3,1
6567749,Diffusion_L3,1
8880296,Diffusion_L3,1
12142012,Diffusion_L3,1
10716515,Diffusion_L3,1
10240935,Diffusion_L3,1
11910181,Diffusion_L3,1
7209221,Diffusion_L3,1
8862299,Diffusion_L3,1
7218993,Diffusion_L3,1
11924396,Diffusion_L3,1
9374618,Diffusion_L3,1
12154571,Diffusion_L3,1
8083386,Diffusion_L3,1
6725049,Diffusion_L3,1
7855755,Diffusion_L3,1
9244280,Diffusion_L3,1
10645294,Diffusion_L3,1
12223282,Diffusion_L3,1
11178353,Diffusion_L3,1
11343614,Diffusion_L3,1
11361756,Diffusion_L3,1
9834216,Diffusion_L3,1
9057875,Diffusion_L3,1
11310592,Diffusion_L3,1
12306418,Diffusion_L3,1
11679044,Diffusion_L3,1
11741166,Diffusion_L3,1
10592211,Diffusion_L3,1
12175614,Diffusion_L3,1
9910641,Diffusion_L3,1
10023161,Diffusion_L3,1
11288888,Diffusion_L3,1
12136419,Diffusion_L3,1
10527797,Diffusion_L3,1
12156165,Diffusion_L3,1
10852742,Diffusion_L3,1
7246000,Diffusion_L3,1
8060308,Diffusion_L3,1
11706521,Diffusion_L3,1
11624929,Diffusion_L3,1
9593521,Diffusion_L3,1
10660541,Diffusion_L3,1
8217830,Diffusion_L3,1
11856479,Diffusion_L3,1
9495876,Diffusion_L3,1
12118999,Diffusion_L3,1
11597319,Diffusion_L3,1
12009007,Diffusion_L3,1
7693303,Diffusion_L3,1
8983679,Diffusion_L3,1
9338409,Diffusion_L3,1
9576015,Diffusion_L3,1
9031774,Diffusion_L3,1
11568105,Diffusion_L3,1
10207705,Diffusion_L3,1
11124207,Diffusion_L3,1
11302347,Diffusion_L3,1
7639841,Diffusion_L3,1
12240440,Diffusion_L3,1
11696060,Diffusion_L3,1
11800306,Diffusion_L3,1
12425766,Diffusion_L3,1
11184585,Diffusion_L3,1
11337652,Diffusion_L3,1
11673546,Diffusion_L3,1
11862151,Diffusion_L3,1
6950733,Diffusion_L3,1
10286855,Diffusion_L3,1
9581696,Diffusion_L3,1
11395135,Diffusion_L3,1
9268012,Diffusion_L3,1
12293763,Diffusion_L3,1
12132459,Diffusion_L3,1
11809886,Diffusion_L3,1
11934628,Diffusion_L3,1
11754828,Diffusion_L3,1
8355839,Diffusion_L3,1
10780826,Diffusion_L3,1
9981193,Diffusion_L3,1
9352623,Diffusion_L3,1
12100225,Diffusion_L3,1
10803744,Diffusion_L3,1
7822543,Diffusion_L3,1
9507150,Diffusion_L3,1
11928306,Diffusion_L3,1
11941164,Diffusion_L3,1
10003755,Diffusion_L3,1
10007679,Diffusion_L3,1
8180518,Diffusion_L3,1
10169999,Diffusion_L3,1
8481910,Diffusion_L3,1
12122372,Diffusion_L3,1
11715236,Diffusion_L3,1
11514947,Diffusion_L3,1
11580711,Diffusion_L3,1
12309726,Diffusion_L3,1
6785631,Diffusion_L3,1
10481740,Diffusion_L3,1
12141362,Diffusion_L3,1
10393508,Diffusion_L3,1
7565231,Diffusion_L3,1
7650211,Diffusion_L3,1
11192500,Diffusion_L3,1
12405673,Diffusion_L3,1
8170740,Diffusion_L3,1
8391557,Diffusion_L3,1
6940397,Diffusion_L3,1
11054973,Diffusion_L3,1
11551690,Diffusion_L3,1
11481030,Diffusion_L3,1
10053013,Diffusion_L3,1
11726642,Diffusion_L3,1
8842021,Diffusion_L3,1
11155211,Diffusion_L3,1
12039102,Diffusion_L3,1
12147654,Diffusion_L3,1
9582907,Diffusion_L3,1
9335178,Diffusion_L3,1
D768184,Diffusion_L3,1
9185233,Diffusion_L3,1
10427679,Diffusion_L3,1
9824285,Diffusion_L3,1
11604277,Diffusion_L3,1
11403887,Diffusion_L3,1
9389779,Diffusion_L3,1
6668218,Diffusion_L3,1
8049640,Diffusion_L3,1
6924750,Diffusion_L3,1
11500611,Diffusion_L3,1
11800305,Diffusion_L3,1
6784809,Diffusion_L3,1
9896096,Diffusion_L3,1
D998637,Diffusion_L3,1
9171217,Diffusion_L3,1
11546280,Diffusion_L3,1
7312696,Diffusion_L3,1
10328932,Diffusion_L3,1
11455771,Diffusion_L3,1
10735638,Diffusion_L3,1
9754413,Diffusion_L3,1
9704289,Diffusion_L3,1
10325416,Diffusion_L3,1
10652470,Diffusion_L3,1
10744940,Diffusion_L3,1
11776194,Diffusion_L3,1
8629800,Diffusion_L3,1
9258722,Diffusion_L3,1
10053012,Diffusion_L3,1
11353440,Diffusion_L3,1
11659133,Diffusion_L3,1
8492698,Diffusion_L3,1
11951900,Diffusion_L3,1
10225544,Diffusion_L3,1
11127143,Diffusion_L3,1
11863702,Diffusion_L3,1
9946777,Diffusion_L3,1
10609335,Diffusion_L3,1
10969530,Diffusion_L3,1
10872214,Diffusion_L3,1
10444021,Diffusion_L3,1
11433816,Diffusion_L3,1
12422977,Diffusion_L3,1
9491450,Diffusion_L3,1
11838734,Diffusion_L3,1
11320571,Diffusion_L3,1
11876763,Diffusion_L3,1
9499114,Diffusion_L3,1
10878811,Diffusion_L3,1
9264672,Diffusion_L3,1
11285875,Diffusion_L3,1
7750840,Diffusion_L3,1
11703645,Diffusion_L3,1
11720115,Diffusion_L3,1
11991469,Diffusion_L3,1
RE49748,Diffusion_L3,1
11107261,Diffusion_L3,1
9497544,Diffusion_L3,1
10970936,Diffusion_L3,1
10300856,Diffusion_L3,1
12231437,Diffusion_L3,1
9694751,Diffusion_L3,1
9900522,Diffusion_L3,1
9395903,Diffusion_L3,1
10586540,Diffusion_L3,1
11618441,Diffusion_L3,1
6470237,Diffusion_L3,1
9990046,Diffusion_L3,1
10232797,Diffusion_L3,1
11175512,Diffusion_L3,1
9547421,Diffusion_L3,1
10295824,Diffusion_L3,1
7508980,Diffusion_L3,1
8000894,Diffusion_L3,1
12424220,Diffusion_L3,1
10922992,Diffusion_L3,1
12005845,Diffusion_L3,1
6559769,Diffusion_L3,1
11201994,Diffusion_L3,1
10872607,Diffusion_L3,1
11995376,Diffusion_L3,1
9774790,Diffusion_L3,1
12400340,Diffusion_L3,1
8100568,Diffusion_L3,1
10228452,Diffusion_L3,1
12047752,Diffusion_L3,1
9607377,Diffusion_L3,1
10867623,Diffusion_L3,1
7711479,Diffusion_L3,1
9674413,Diffusion_L3,1
11977682,Diffusion_L3,1
12244552,Diffusion_L3,1
12167222,Diffusion_L3,1
10573093,Diffusion_L3,1
9898647,Diffusion_L3,1
10375313,Diffusion_L3,1
11192497,Diffusion_L3,1
12175022,Diffusion_L3,1
11962598,Diffusion_L3,1
12314485,Diffusion_L3,1
12302075,Diffusion_L3,1
8824781,Diffusion_L3,1
12105891,Diffusion_L3,1
9919723,Diffusion_L3,1
9352752,Diffusion_L3,1
10564419,Diffusion_L3,1
11557294,Diffusion_L3,1
12002168,Diffusion_L3,1
10990454,Diffusion_L3,1
8665079,Diffusion_L3,1
10021278,Diffusion_L3,1
D786892,Diffusion_L3,1
11200889,Diffusion_L3,1
8511841,Diffusion_L3,1
11203294,Diffusion_L3,1
6718232,Diffusion_L3,1
12032743,Diffusion_L3,1
9875492,Diffusion_L3,1
11797162,Diffusion_L3,1
8503062,Diffusion_L3,1
10843708,Diffusion_L3,1
7106219,Diffusion_L3,1
7523000,Diffusion_L3,1
10701247,Diffusion_L3,1
9230442,Diffusion_L3,1
9260095,Diffusion_L3,1
10493917,Diffusion_L3,1
11551374,Diffusion_L3,1
8908039,Diffusion_L3,1
7832882,Diffusion_L3,1
7480570,Diffusion_L3,1
8510034,Diffusion_L3,1
D735214,Diffusion_L3,1
8892271,Diffusion_L3,1
11539876,Diffusion_L3,1
11503418,Diffusion_L3,1
10735643,Diffusion_L3,1
7425076,Diffusion_L3,1
9140789,Diffusion_L3,1
9507021,Diffusion_L3,1
12314462,Diffusion_L3,1
10642058,Diffusion_L3,1
11368803,Diffusion_L3,1
7932853,Diffusion_L3,1
10362944,Diffusion_L3,1
11107286,Diffusion_L3,1
10130881,Diffusion_L3,1
11528578,Diffusion_L3,1
9373118,Diffusion_L3,1
8543330,Diffusion_L3,1
11727660,Diffusion_L3,1
11303981,Diffusion_L3,1
10670713,Diffusion_L3,1
10325417,Diffusion_L3,1
7667579,Diffusion_L3,1
12353628,Diffusion_L3,1
11638147,Diffusion_L3,1
11586046,Diffusion_L3,1
11558325,Diffusion_L3,1
10187615,Diffusion_L3,1
12154237,Diffusion_L3,1
10908013,Diffusion_L3,1
9715110,Diffusion_L3,1
D783480,Diffusion_L3,1
8433483,Diffusion_L3,1
12298473,Diffusion_L3,1
12131011,Diffusion_L3,1
10789840,Diffusion_L3,1
11538451,Diffusion_L3,1
12154238,Diffusion_L3,1
11805378,Diffusion_L3,1
11212831,Diffusion_L3,1
10015452,Diffusion_L3,1
11288039,Diffusion_L3,1
11888791,Diffusion_L3,1
11320979,Diffusion_L3,1
9191634,Diffusion_L3,1
9988047,Diffusion_L3,1
7359782,Diffusion_L3,1
10684350,Diffusion_L3,1
8446470,Diffusion_L3,1
8510030,Diffusion_L3,1
9619720,Diffusion_L3,1
9927522,Diffusion_L3,1
12299207,Diffusion_L3,1
10970374,Diffusion_L3,1
10684692,Diffusion_L3,1
10112528,Diffusion_L3,1
11800048,Diffusion_L3,1
12079391,Diffusion_L3,1
9922108,Diffusion_L3,1
11200894,Diffusion_L3,1
9946089,Diffusion_L3,1
6498618,Diffusion_L3,1
9626015,Diffusion_L3,1
11531520,Diffusion_L3,1
11308958,Diffusion_L3,1
10846781,Diffusion_L3,1
9285893,Diffusion_L3,1
7738733,Diffusion_L3,1
9563962,Diffusion_L3,1
11816256,Diffusion_L3,1
10183541,Diffusion_L3,1
7339149,Diffusion_L3,1
11301048,Diffusion_L3,1
11960661,Diffusion_L3,1
9741136,Diffusion_L3,1
10661167,Diffusion_L3,1
10334230,Diffusion_L3,1
6765500,Diffusion_L3,1
11461966,Diffusion_L3,1
9791857,Diffusion_L3,1
12367616,Diffusion_L3,1
8781217,Diffusion_L3,1
D813245,Diffusion_L3,1
6850156,Diffusion_L3,1
11618442,Diffusion_L3,1
11007937,Diffusion_L3,1
9386303,Diffusion_L3,1
11106638,Diffusion_L3,1
10768619,Diffusion_L3,1
8288711,Diffusion_L3,1
11619483,Diffusion_L3,1
8725476,Diffusion_L3,1
11588825,Diffusion_L3,1
11927986,Diffusion_L3,1
11919449,Diffusion_L3,1
10325360,Diffusion_L3,1
8325055,Diffusion_L3,1
11861061,Diffusion_L3,1
12170873,Diffusion_L3,1
10663553,Diffusion_L3,1
8814401,Diffusion_L3,1
10994774,Diffusion_L3,1
6765499,Diffusion_L3,1
12169599,Diffusion_L3,1
9428192,Diffusion_L3,1
10235412,Diffusion_L3,1
9156372,Diffusion_L3,1
11783827,Diffusion_L3,1
9731653,Diffusion_L3,1
11978283,Diffusion_L3,1
12284479,Diffusion_L3,1
8271187,Diffusion_L3,1
11832053,Diffusion_L3,1
11305691,Diffusion_L3,1
9307317,Diffusion_L3,1
11216069,Diffusion_L3,1
9366864,Diffusion_L3,1
10942274,Diffusion_L3,1
11504626,Diffusion_L3,1
12262174,Diffusion_L3,1
8682522,Diffusion_L3,1
9834153,Diffusion_L3,1
12153446,Diffusion_L3,1
10055651,Diffusion_L3,1
8855910,Diffusion_L3,1
10235775,Diffusion_L3,1
10445057,Diffusion_L3,1
10067571,Diffusion_L3,1
8577549,Diffusion_L3,1
9916660,Diffusion_L3,1
9278654,Diffusion_L3,1
9723272,Diffusion_L3,1
9792676,Diffusion_L3,1
11100923,Diffusion_L3,1
D924761,Diffusion_L3,1
11681293,Diffusion_L3,1
10325172,Diffusion_L3,1
10586119,Diffusion_L3,1
11445315,Diffusion_L3,1
11671920,Diffusion_L3,1
10407080,Diffusion_L3,1
10401620,Diffusion_L3,1
11941166,Diffusion_L3,1
10791273,Diffusion_L3,1
9306808,Diffusion_L3,1
10057078,Diffusion_L3,1
6915188,Diffusion_L3,1
11100913,Diffusion_L3,1
7800486,Diffusion_L3,1
12159085,Diffusion_L3,1
11970113,Diffusion_L3,1
11921998,Diffusion_L3,1
12268475,Diffusion_L3,1
10421013,Diffusion_L3,1
11540047,Diffusion_L3,1
12393613,Diffusion_L3,1
9041806,Diffusion_L3,1
10871943,Diffusion_L3,1
9376060,Diffusion_L3,1
10156681,Diffusion_L3,1
12375052,Diffusion_L3,1
9435891,Diffusion_L3,1
10284764,Diffusion_L3,1
8755569,Diffusion_L3,1
11109018,Diffusion_L3,1
11641517,Diffusion_L3,1
7489992,Diffusion_L3,1
12158982,Diffusion_L3,1
9463744,Diffusion_L3,1
10613413,Diffusion_L3,1
7572017,Diffusion_L3,1
11722904,Diffusion_L3,1
11180155,Diffusion_L3,1
7619508,Diffusion_L3,1
12141501,Diffusion_L3,1
9318020,Diffusion_L3,1
10297256,Diffusion_L3,1
8964004,Diffusion_L3,1
10576977,Diffusion_L3,1
11610241,Diffusion_L3,1
10688993,Diffusion_L3,1
11015930,Diffusion_L3,1
8653959,Diffusion_L3,1
8423280,Diffusion_L3,1
10168418,Diffusion_L3,1
10108010,Diffusion_L3,1
9934580,Diffusion_L3,1
10025975,Diffusion_L3,1
10536618,Diffusion_L3,1
9117123,Diffusion_L3,1
9519089,Diffusion_L3,1
7584047,Diffusion_L3,1
9247211,Diffusion_L3,1
11031014,Diffusion_L3,1
7376247,Diffusion_L3,1
9085261,Diffusion_L3,1
7016772,Diffusion_L3,1
12159412,Diffusion_L3,1
12204807,Diffusion_L3,1
12340481,Diffusion_L3,1
12322390,Diffusion_L3,1
11012668,Diffusion_L3,1
7605773,Diffusion_L3,1
8824737,Diffusion_L3,1
9132840,Diffusion_L3,1
10313812,Diffusion_L3,1
11285879,Diffusion_L3,1
11215834,Diffusion_L3,1
11553140,Diffusion_L3,1
11361522,Diffusion_L3,1
11874468,Diffusion_L3,1
10529302,Diffusion_L3,1
11567535,Diffusion_L3,1
10029616,Diffusion_L3,1
11696081,Diffusion_L3,1
11983463,Diffusion_L3,1
12254887,Diffusion_L3,1
12210736,Diffusion_L3,1
11847426,Diffusion_L3,1
8094002,Diffusion_L3,1
10048749,Diffusion_L3,1
10350494,Diffusion_L3,1
7474256,Diffusion_L3,1
9505349,Diffusion_L3,1
11708026,Diffusion_L3,1
12089953,Diffusion_L3,1
9916668,Diffusion_L3,1
11663059,Diffusion_L3,1
12282607,Diffusion_L3,1
10594917,Diffusion_L3,1
8506096,Diffusion_L3,1
8072318,Diffusion_L3,1
10359273,Diffusion_L3,1
7095336,Diffusion_L3,1
12149897,Diffusion_L3,1
9538493,Diffusion_L3,1
12306301,Diffusion_L3,1
12265761,Diffusion_L3,1
10800332,Diffusion_L3,1
12026197,Diffusion_L3,1
7089083,Diffusion_L3,1
9778752,Diffusion_L3,1
7218207,Diffusion_L3,1
10444357,Diffusion_L3,1
9933684,Diffusion_L3,1
7415331,Diffusion_L3,1
10365889,Diffusion_L3,1
9802609,Diffusion_L3,1
9734714,Diffusion_L3,1
9628843,Diffusion_L3,1
10870427,Diffusion_L3,1
6791471,Diffusion_L3,1
10043279,Diffusion_L3,1
8332069,Diffusion_L3,1
11557310,Diffusion_L3,1
7725218,Diffusion_L3,1
11734959,Diffusion_L3,1
8465163,Diffusion_L3,1
12265663,Diffusion_L3,1
11995780,Diffusion_L3,1
6539283,Diffusion_L3,1
10504286,Diffusion_L3,1
11579455,Diffusion_L3,1
12093443,Diffusion_L3,1
11021107,Diffusion_L3,1
10191926,Diffusion_L3,1
9600717,Diffusion_L3,1
11482978,Diffusion_L3,1
11572065,Diffusion_L3,1
12155617,Diffusion_L3,1
10082789,Diffusion_L3,1
12165420,Diffusion_L3,1
11402510,Diffusion_L3,1
7136755,Diffusion_L3,1
12296750,Diffusion_L3,1
12373096,Diffusion_L3,1
11698771,Diffusion_L3,1
7626533,Diffusion_L3,1
10814785,Diffusion_L3,1
9811166,Diffusion_L3,1
11133018,Diffusion_L3,1
10733748,Diffusion_L3,1
9769381,Diffusion_L3,1
11138975,Diffusion_L3,1
11968639,Diffusion_L3,1
11551700,Diffusion_L3,1
10772519,Diffusion_L3,1
10979959,Diffusion_L3,1
11740472,Diffusion_L3,1
9177477,Diffusion_L3,1
8300615,Diffusion_L3,1
8339526,Diffusion_L3,1
9414016,Diffusion_L3,1
7034742,Diffusion_L3,1
10764679,Diffusion_L3,1
7081849,Diffusion_L3,1
7162340,Diffusion_L3,1
10339654,Diffusion_L3,1
10584962,Diffusion_L3,1
8189871,Diffusion_L3,1
11481963,Diffusion_L3,1
9553423,Diffusion_L3,1
7188026,Diffusion_L3,1
11750969,Diffusion_L3,1
12045419,Diffusion_L3,1
12423910,Diffusion_L3,1
10306190,Diffusion_L3,1
11857153,Diffusion_L3,1
10270983,Diffusion_L3,1
6480789,Diffusion_L3,1
8277059,Diffusion_L3,1
11941149,Diffusion_L3,1
10300926,Diffusion_L3,1
6703946,Diffusion_L3,1
11776208,Diffusion_L3,1
10043386,Diffusion_L3,1
11132989,Diffusion_L3,1
7512251,Diffusion_L3,1
11127210,Diffusion_L3,1
9736435,Diffusion_L3,1
6778906,Diffusion_L3,1
8880335,Diffusion_L3,1
10759419,Diffusion_L3,1
9105051,Diffusion_L3,1
7995801,Diffusion_L3,1
9919705,Diffusion_L3,1
7881865,Diffusion_L3,1
12211490,Diffusion_L3,1
9734698,Diffusion_L3,1
7671727,Diffusion_L3,1
11924283,Diffusion_L3,1
12262952,Diffusion_L3,1
11493993,Diffusion_L3,1
7906756,Diffusion_L3,1
10612958,Diffusion_L3,1
8742987,Diffusion_L3,1
11991506,Diffusion_L3,1
9946738,Diffusion_L3,1
RE47354,Diffusion_L3,1
11386911,Diffusion_L3,1
9751465,Diffusion_L3,1
8162518,Diffusion_L3,1
9834146,Diffusion_L3,1
11710487,Diffusion_L3,1
9014911,Diffusion_L3,1
9740937,Diffusion_L3,1
D865723,Diffusion_L3,1
10150417,Diffusion_L3,1
12282706,Diffusion_L3,1
11601580,Diffusion_L3,1
10062201,Diffusion_L3,1
12217748,Diffusion_L3,1
8309907,Diffusion_L3,1
11941176,Diffusion_L3,1
9424490,Diffusion_L3,1
11115861,Diffusion_L3,1
9436998,Diffusion_L3,1
10160437,Diffusion_L3,1
9244165,Diffusion_L3,1
10819943,Diffusion_L3,1
6798354,Diffusion_L3,1
9632658,Diffusion_L3,1
10869611,Diffusion_L3,1
9653060,Diffusion_L3,1
12411555,Diffusion_L3,1
11322171,Diffusion_L3,1
D761857,Diffusion_L3,1
10841491,Diffusion_L3,1
12386434,Diffusion_L3,1
10818290,Diffusion_L3,1
10653381,Diffusion_L3,1
10405440,Diffusion_L3,1
10354658,Diffusion_L3,1
9090211,Diffusion_L3,1
9778654,Diffusion_L3,1
11930298,Diffusion_L3,1
12087308,Diffusion_L3,1
9916699,Diffusion_L3,1
10165171,Diffusion_L3,1
11948263,Diffusion_L3,1
12023285,Diffusion_L3,1
9254846,Diffusion_L3,1
D753722,Diffusion_L3,1
10173133,Diffusion_L3,1
12140764,Diffusion_L3,1
8177376,Diffusion_L3,1
10509626,Diffusion_L3,1
9710068,Diffusion_L3,1
11899519,Diffusion_L3,1
8605949,Diffusion_L3,1
11825290,Diffusion_L3,1
8608327,Diffusion_L3,1
9779379,Diffusion_L3,1
10169822,Diffusion_L3,1
9764744,Diffusion_L3,1
11314084,Diffusion_L3,1
9613262,Diffusion_L3,1
11200870,Diffusion_L3,1
8203443,Diffusion_L3,1
11899238,Diffusion_L3,1
11300964,Diffusion_L3,1
10163263,Diffusion_L3,1
10264249,Diffusion_L3,1
11204215,Diffusion_L3,1
11165975,Diffusion_L3,1
10817126,Diffusion_L3,1
8194133,Diffusion_L3,1
10195995,Diffusion_L3,1
8964732,Diffusion_L3,1
11741840,Diffusion_L3,1
9767345,Diffusion_L3,1
11832015,Diffusion_L3,1
11210808,Diffusion_L3,1
8434919,Diffusion_L3,1
11838745,Diffusion_L3,1
10664327,Diffusion_L3,1
9684380,Diffusion_L3,1
7586666,Diffusion_L3,1
10919458,Diffusion_L3,1
11265514,Diffusion_L3,1
9205776,Diffusion_L3,1
10726578,Diffusion_L3,1
8063753,Diffusion_L3,1
8282253,Diffusion_L3,1
8170748,Diffusion_L3,1
11241156,Diffusion_L3,1
11508160,Diffusion_L3,1
11670059,Diffusion_L3,1
11855947,Diffusion_L3,1
10417769,Diffusion_L3,1
9491451,Diffusion_L3,1
12201387,Diffusion_L3,1
8195364,Diffusion_L3,1
10883821,Diffusion_L3,1
11184704,Diffusion_L3,1
12151162,Diffusion_L3,1
9530213,Diffusion_L3,1
9997068,Diffusion_L3,1
12403894,Diffusion_L3,1
7113107,Diffusion_L3,1
11947873,Diffusion_L3,1
11050934,Diffusion_L3,1
11405430,Diffusion_L3,1
12010455,Diffusion_L3,1
11861068,Diffusion_L3,1
11567573,Diffusion_L3,1
11892859,Diffusion_L3,1
11889290,Diffusion_L3,1
10321064,Diffusion_L3,1
9319637,Diffusion_L3,1
11090554,Diffusion_L3,1
11288842,Diffusion_L3,1
11782577,Diffusion_L3,1
7580549,Diffusion_L3,1
9177476,Diffusion_L3,1
10291894,Diffusion_L3,1
12283269,Diffusion_L3,1
9599813,Diffusion_L3,1
12197817,Diffusion_L3,1
11099653,Diffusion_L3,1
D753719,Diffusion_L3,1
6850838,Diffusion_L3,1
11828853,Diffusion_L3,1
12001933,Diffusion_L3,1
12081862,Diffusion_L3,1
6708081,Diffusion_L3,1
11899842,Diffusion_L3,1
11961401,Diffusion_L3,1
9014953,Diffusion_L3,1
9779449,Diffusion_L3,1
11183183,Diffusion_L3,1
10685623,Diffusion_L3,1
11847836,Diffusion_L3,1
12019806,Diffusion_L3,1
8773946,Diffusion_L3,1
8963916,Diffusion_L3,1
12094070,Diffusion_L3,1
12352960,Diffusion_L3,1
10937414,Diffusion_L3,1
10027930,Diffusion_L3,1
11279343,Diffusion_L3,1
7702425,Diffusion_L3,1
9102220,Diffusion_L3,1
7731403,Diffusion_L3,1
10311378,Diffusion_L3,1
11908166,Diffusion_L3,1
7774137,Diffusion_L3,1
11790914,Diffusion_L3,1
11013451,Diffusion_L3,1
11418699,Diffusion_L3,1
9495228,Diffusion_L3,1
12112012,Diffusion_L3,1
7543947,Diffusion_L3,1
12117842,Diffusion_L3,1
8874317,Diffusion_L3,1
11630507,Diffusion_L3,1
10616507,Diffusion_L3,1
11554717,Diffusion_L3,1
11449135,Diffusion_L3,1
11994377,Diffusion_L3,1
7079924,Diffusion_L3,1
9471148,Diffusion_L3,1
12189048,Diffusion_L3,1
12131015,Diffusion_L3,1
9340227,Diffusion_L3,1
11699448,Diffusion_L3,1
9911242,Diffusion_L3,1
7972045,Diffusion_L3,1
10564799,Diffusion_L3,1
11416120,Diffusion_L3,1
9604147,Diffusion_L3,1
11736877,Diffusion_L3,1
10223418,Diffusion_L3,1
11368840,Diffusion_L3,1
11900937,Diffusion_L3,1
11506839,Diffusion_L3,1
10904514,Diffusion_L3,1
10353215,Diffusion_L3,1
11599255,Diffusion_L3,1
11880542,Diffusion_L3,1
11109816,Diffusion_L3,1
10097741,Diffusion_L3,1
8427288,Diffusion_L3,1
8576091,Diffusion_L3,1
10107905,Diffusion_L3,1
10883822,Diffusion_L3,1
11682182,Diffusion_L3,1
10240914,Diffusion_L3,1
12360663,Diffusion_L3,1
12216823,Diffusion_L3,1
9396659,Diffusion_L3,1
11290679,Diffusion_L3,1
11330184,Diffusion_L3,1
10553115,Diffusion_L3,1
10293259,Diffusion_L3,1
11353962,Diffusion_L3,1
7423248,Diffusion_L3,1
7042949,Diffusion_L3,1
7888629,Diffusion_L3,1
10573321,Diffusion_L3,1
6819269,Diffusion_L3,1
12236512,Diffusion_L3,1
9805454,Diffusion_L3,1
7898719,Diffusion_L3,1
D812070,Diffusion_L3,1
10890707,Diffusion_L3,1
12327549,Diffusion_L3,1
11460938,Diffusion_L3,1
9187029,Diffusion_L3,1
8686873,Diffusion_L3,1
D1047785,Diffusion_L3,1
7630806,Diffusion_L3,1
10681282,Diffusion_L3,1
10747227,Diffusion_L3,1
11350026,Diffusion_L3,1
7895135,Diffusion_L3,1
7515056,Diffusion_L3,1
7317987,Diffusion_L3,1
8686922,Diffusion_L3,1
12229342,Diffusion_L3,1
11237635,Diffusion_L3,1
10740600,Diffusion_L3,1
11516608,Diffusion_L3,1
6587751,Diffusion_L3,1
10106155,Diffusion_L3,1
10849089,Diffusion_L3,1
9519287,Diffusion_L3,1
12201898,Diffusion_L3,1
9529605,Diffusion_L3,1
12095867,Diffusion_L3,1
8593521,Diffusion_L3,1
10511904,Diffusion_L3,1
9481301,Diffusion_L3,1
12314633,Diffusion_L3,1
9995854,Diffusion_L3,1
10099614,Diffusion_L3,1
10205910,Diffusion_L3,1
11493998,Diffusion_L3,1
9508014,Diffusion_L3,1
9355306,Diffusion_L3,1
11741948,Diffusion_L3,1
RE49664,Diffusion_L3,1
10670876,Diffusion_L3,1
12332438,Diffusion_L3,1
11607995,Diffusion_L3,1
12276895,Diffusion_L3,1
7325934,Diffusion_L3,1
9689706,Diffusion_L3,1
12095969,Diffusion_L3,1
11868687,Diffusion_L3,1
12221472,Diffusion_L3,1
10641861,Diffusion_L3,1
11997422,Diffusion_L3,1
8214140,Diffusion_L3,1
9720278,Diffusion_L3,1
10847143,Diffusion_L3,1
11209528,Diffusion_L3,1
9018577,Diffusion_L3,1
7224290,Diffusion_L3,1
10640040,Diffusion_L3,1
11468625,Diffusion_L3,1
7898398,Diffusion_L3,1
11662900,Diffusion_L3,1
10002640,Diffusion_L3,1
10499146,Diffusion_L3,1
12242312,Diffusion_L3,1
12254141,Diffusion_L3,1
11705130,Diffusion_L3,1
10746989,Diffusion_L3,1
9694749,Diffusion_L3,1
11953653,Diffusion_L3,1
10284818,Diffusion_L3,1
7478578,Diffusion_L3,1
10698496,Diffusion_L3,1
11644799,Diffusion_L3,1
7138909,Diffusion_L3,1
10482099,Diffusion_L3,1
12216894,Diffusion_L3,1
8825259,Diffusion_L3,1
11270706,Diffusion_L3,1
7873187,Diffusion_L3,1
9247236,Diffusion_L3,1
D754204,Diffusion_L3,1
9557634,Diffusion_L3,1
7783403,Diffusion_L3,1
10144355,Diffusion_L3,1
D753720,Diffusion_L3,1
9681062,Diffusion_L3,1
10909393,Diffusion_L3,1
9802542,Diffusion_L3,1
7483672,Diffusion_L3,1
11279287,Diffusion_L3,1
9469250,Diffusion_L3,1
10000216,Diffusion_L3,1
11792360,Diffusion_L3,1
12132981,Diffusion_L3,1
11678109,Diffusion_L3,1
6581000,Diffusion_L3,1
9274595,Diffusion_L3,1
10057489,Diffusion_L3,1
10565784,Diffusion_L3,1
8648808,Diffusion_L3,1
10099610,Diffusion_L3,1
9740916,Diffusion_L3,1
11538469,Diffusion_L3,1
9305323,Diffusion_L3,1
9376061,Diffusion_L3,1
12277954,Diffusion_L3,1
12067985,Diffusion_L3,1
8816883,Diffusion_L3,1
11960706,Diffusion_L3,1
12136353,Diffusion_L3,1
10754822,Diffusion_L3,1
10613642,Diffusion_L3,1
9315151,Diffusion_L3,1
10308180,Diffusion_L3,1
11531514,Diffusion_L3,1
11229063,Diffusion_L3,1
11561616,Diffusion_L3,1
12154016,Diffusion_L3,1
10601998,Diffusion_L3,1
9702977,Diffusion_L3,1
11402909,Diffusion_L3,1
11513763,Diffusion_L3,1
6560511,Diffusion_L3,1
7459664,Diffusion_L3,1
12079442,Diffusion_L3,1
9327693,Diffusion_L3,1
8818042,Diffusion_L3,1
10179543,Diffusion_L3,1
11650626,Diffusion_L3,1
12314553,Diffusion_L3,1
11588897,Diffusion_L3,1
10713950,Diffusion_L3,1
7579939,Diffusion_L3,1
D773517,Diffusion_L3,1
9008957,Diffusion_L3,1
10386486,Diffusion_L3,1
9317128,Diffusion_L3,1
11787338,Diffusion_L3,1
10589678,Diffusion_L3,1
8465162,Diffusion_L3,1
11055552,Diffusion_L3,1
8063759,Diffusion_L3,1
9045091,Diffusion_L3,1
8228588,Diffusion_L3,1
8510085,Diffusion_L3,1
D940116,Diffusion_L3,1
9019352,Diffusion_L3,1
10807515,Diffusion_L3,1
10366278,Diffusion_L3,1
11809633,Diffusion_L3,1
9237543,Diffusion_L3,1
10071676,Diffusion_L3,1
10873682,Diffusion_L3,1
8890955,Diffusion_L3,1
11984123,Diffusion_L3,1
10868974,Diffusion_L3,1
9277525,Diffusion_L3,1
